brand,brand_goodwill,year,age_years,horsepower,engine_size_l,mileage,fuel_type,transmission,owner_count,accident_count,doors,city_mpg,price
Subaru,7.18,2011,15,202.5,2.66,122041,Hybrid,Automatic,1,0.0,4,38.3,19099.2
Kia,6.26,2009,17,191.1,1.33,248551,Hybrid,Automatic,4,2.0,4,39.8,2500.0
Mazda,8.16,2025,1,167.8,1.64,19492,Petrol,Automatic,1,0.0,4,30.7,27213.6
BMW,8.85,2015,11,288.7,3.81,142773,Petrol,Manual,2,1.0,4,24.8,37414.08
Honda,7.85,2009,17,209.0,1.0,215231,Diesel,Automatic,1,0.0,4,27.0,4552.61
Ford,6.13,2022,4,194.9,2.1,54149,Hybrid,Automatic,1,1.0,2,36.1,19658.8
Kia,6.41,2017,9,180.4,2.34,125472,Petrol,Automatic,1,0.0,2,23.0,12338.83
Mazda,7.15,2021,5,219.0,1.75,66394,Petrol,Automatic,3,0.0,4,30.2,23027.17
Ford,5.92,2020,6,182.2,1.63,80402,Diesel,Automatic,1,0.0,4,32.2,17568.54
Honda,7.72,2016,10,160.8,1.35,101422,Diesel,Automatic,4,0.0,4,32.2,17494.87
Volkswagen,7.17,2023,3,150.3,1.0,26606,Petrol,Automatic,3,1.0,4,,21492.98
Chevrolet,6.31,2013,13,233.0,2.09,191830,Petrol,Automatic,2,0.0,4,32.2,6803.62
Lexus,9.25,2026,0,273.7,3.17,500,Petrol,Manual,3,0.0,4,27.4,56858.87
Chevrolet,6.29,2025,1,167.7,2.77,20965,Petrol,Manual,1,0.0,4,27.1,21003.72
Nissan,5.96,2014,12,153.2,2.45,142998,Petrol,Automatic,1,1.0,4,23.8,3323.13
Ford,6.37,2026,0,207.5,1.07,500,Petrol,Automatic,2,1.0,4,26.9,26049.04
Nissan,5.97,2008,18,182.7,2.16,313083,Hybrid,Automatic,2,0.0,2,34.4,2500.0
Ford,6.43,2026,0,148.1,1.63,500,Hybrid,Automatic,1,0.0,4,47.2,32002.97
Toyota,8.35,2014,12,190.2,3.21,139056,Petrol,Automatic,1,0.0,2,26.7,17547.86
Toyota,8.69,2013,13,210.4,2.11,169984,Hybrid,Manual,1,0.0,4,48.5,17391.16
Kia,6.29,2010,16,146.6,2.83,206323,Hybrid,Manual,4,2.0,4,37.5,2500.0
Volkswagen,7.59,2008,18,103.0,1.83,227011,Petrol,Automatic,1,0.0,4,32.3,2500.0
Hyundai,6.38,2020,6,170.0,2.91,109068,Petrol,Manual,2,1.0,4,24.5,12422.25
Ford,6.81,2025,1,174.3,2.82,23355,Petrol,Manual,1,1.0,4,31.2,20777.52
Lexus,9.11,2017,9,231.3,2.73,96164,Diesel,Automatic,2,1.0,4,17.7,41892.98
Honda,7.57,2019,7,224.3,2.26,98923,Diesel,Automatic,3,1.0,4,27.3,19662.53
Honda,8.6,2010,16,148.2,,152196,Hybrid,Automatic,1,3.0,4,37.0,3399.35
Nissan,6.22,2021,5,183.2,2.92,29707,Petrol,Automatic,1,1.0,2,16.4,19554.46
Chevrolet,6.38,2019,7,201.1,,91463,Petrol,Automatic,2,0.0,4,30.6,16241.69
Toyota,8.83,2009,17,120.2,1.09,116740,Petrol,Manual,3,2.0,2,24.2,4375.06
Nissan,6.07,2009,17,217.1,0.0,189759,Electric,Automatic,2,0.0,4,12.0,6387.65
Honda,7.99,2011,15,147.9,1.54,198308,Diesel,Automatic,3,0.0,4,33.3,4977.73
Lexus,9.25,2025,1,274.8,3.44,18577,Petrol,Automatic,1,0.0,4,29.6,57431.19
Ford,5.67,2017,9,146.5,1.68,109769,Petrol,Automatic,2,1.0,4,31.1,7924.49
Volkswagen,6.54,2026,0,296.6,0.0,500,Electric,Automatic,2,0.0,4,12.0,39721.44
Toyota,8.39,2017,9,193.6,1.78,124102,Petrol,Manual,3,0.0,4,24.4,12759.35
Hyundai,6.58,2016,10,252.6,2.3,126147,Petrol,Automatic,1,0.0,4,31.3,14200.63
BMW,9.45,2013,13,241.2,2.58,207138,Petrol,Automatic,1,1.0,4,26.2,32283.99
Audi,8.78,2011,15,217.4,3.65,219680,Petrol,Automatic,3,1.0,4,27.2,28223.1
Hyundai,7.08,2017,9,199.9,2.27,124508,Hybrid,Automatic,3,0.0,4,31.8,13382.19
Hyundai,6.93,2008,18,332.9,0.0,255130,Electric,Automatic,2,0.0,4,12.0,8651.37
Tesla,9.43,2014,12,282.4,0.0,145034,Electric,Manual,1,1.0,4,12.0,46186.03
Tesla,9.0,2013,13,314.5,0.0,136876,Electric,Manual,1,1.0,4,12.0,44711.38
BMW,8.98,2008,18,212.6,3.58,161323,Diesel,Manual,3,2.0,4,35.3,23820.54
Toyota,8.61,2022,4,161.4,2.33,49873,Petrol,Manual,1,1.0,4,26.4,21708.47
Audi,8.15,2015,11,310.3,0.0,86180,Electric,Automatic,1,0.0,4,12.0,41152.49
Hyundai,6.64,2009,17,235.4,1.88,150645,Petrol,Automatic,2,0.0,4,19.5,6187.39
Volkswagen,6.86,2014,12,177.6,1.0,88246,Petrol,Automatic,2,1.0,4,32.2,13676.63
Mercedes-Benz,9.15,2019,7,268.7,0.0,104277,Electric,Manual,3,1.0,4,12.0,44338.5
Lexus,9.23,2022,4,270.2,3.87,16845,Petrol,Automatic,1,0.0,4,33.6,55946.11
Honda,8.18,2016,10,211.5,1.32,135648,Petrol,Automatic,1,1.0,4,21.9,13516.82
Kia,6.46,2011,15,149.3,1.93,219357,Petrol,Automatic,1,0.0,4,22.3,2500.0
Mazda,7.32,2008,18,196.5,1.87,228427,Petrol,Automatic,2,0.0,4,22.9,2500.0
Toyota,8.87,2025,1,233.9,2.36,6419,Petrol,Manual,1,0.0,4,33.7,31115.11
Chevrolet,6.46,2017,9,193.3,2.87,131164,Petrol,Automatic,1,0.0,4,36.4,17247.79
Chevrolet,6.3,2015,11,220.5,2.01,133224,Petrol,Automatic,4,0.0,2,37.0,12494.34
Honda,8.3,2011,15,181.3,1.86,169472,Diesel,Automatic,2,1.0,4,33.3,10604.5
Chevrolet,5.86,2019,7,147.5,2.24,98401,Diesel,Manual,4,0.0,4,27.0,7612.29
Volkswagen,6.8,2020,6,271.1,0.0,77759,Electric,Automatic,3,1.0,4,12.0,26002.26
Hyundai,6.75,2015,11,216.4,,152873,Petrol,Manual,3,1.0,4,37.2,4474.76
Tesla,8.91,2019,7,350.1,3.13,107569,Diesel,Automatic,2,1.0,4,28.2,54285.78
Honda,8.33,2015,11,192.7,1.0,149086,Petrol,Manual,3,0.0,4,21.3,10462.13
Kia,6.58,2009,17,188.4,1.29,197753,Petrol,Automatic,1,4.0,2,34.2,2500.0
Honda,7.52,2026,0,155.0,1.61,500,Petrol,Manual,2,0.0,4,20.3,26086.19
Subaru,7.54,2015,11,227.6,1.56,118175,Petrol,Manual,1,0.0,4,24.9,19061.93
Mercedes-Benz,9.57,2010,16,307.2,0.0,100132,Electric,Manual,2,0.0,4,12.0,41703.55
Honda,8.2,2023,3,193.4,2.82,41734,Petrol,Automatic,1,0.0,4,32.4,29543.55
Kia,6.72,2026,0,169.3,2.24,1914,Diesel,Automatic,1,1.0,2,34.9,22855.61
Nissan,6.4,2012,14,192.2,,125352,Petrol,Manual,1,0.0,4,28.2,6160.59
Nissan,6.49,2025,1,198.5,1.3,14398,Diesel,Automatic,1,1.0,4,31.7,24294.53
Toyota,7.94,2022,4,189.9,1.79,65843,Petrol,Automatic,1,0.0,4,28.6,25816.93
Kia,6.58,2020,6,158.1,1.71,83425,Petrol,Automatic,2,0.0,2,21.8,16714.88
Subaru,6.94,2011,15,148.6,1.29,165992,Petrol,Automatic,3,0.0,4,17.5,6795.1
Nissan,6.41,2010,16,179.9,2.73,250020,Diesel,Automatic,1,2.0,4,31.4,2500.0
Volkswagen,7.28,2023,3,183.1,1.47,33874,Hybrid,Manual,2,0.0,4,50.2,22987.38
Chevrolet,6.26,2012,14,192.3,2.08,185910,Petrol,Manual,3,0.0,2,22.6,2873.97
BMW,8.77,2010,16,272.1,2.42,110981,Petrol,Automatic,2,2.0,2,30.2,34046.23
Audi,8.44,2015,11,224.1,2.12,152173,Diesel,Automatic,2,3.0,2,30.5,32422.46
Chevrolet,6.65,2015,11,198.4,2.42,99291,Hybrid,Manual,1,0.0,4,36.6,10921.73
Audi,8.64,2020,6,283.2,3.99,67257,Petrol,Automatic,1,0.0,4,27.1,48608.6
BMW,8.76,2013,13,270.2,1.73,142310,Petrol,Automatic,2,0.0,4,27.6,37294.0
Kia,5.67,2023,3,120.0,1.62,39581,Petrol,Automatic,1,1.0,4,29.4,13173.31
Kia,6.64,2026,0,180.0,3.03,500,Diesel,Automatic,2,0.0,4,40.3,29010.45
Toyota,8.35,2024,2,145.5,1.0,18309,Hybrid,Manual,2,0.0,4,40.1,23141.23
Nissan,6.08,2008,18,199.0,1.99,200752,Petrol,Manual,1,0.0,4,31.8,2500.0
Nissan,5.91,2012,14,152.2,3.04,116939,Petrol,Automatic,1,1.0,4,23.6,9387.22
Chevrolet,6.55,2008,18,165.3,1.87,65917,Petrol,Automatic,1,3.0,4,23.5,3451.15
Hyundai,6.57,2025,1,196.8,2.4,4737,Petrol,Automatic,4,0.0,4,24.0,24239.42
Hyundai,7.05,2008,18,226.6,2.89,304258,Petrol,Automatic,3,1.0,4,32.8,2500.0
Kia,6.72,2019,7,158.2,1.56,100071,Petrol,Automatic,2,0.0,4,25.8,12512.15
Chevrolet,5.87,2009,17,199.9,2.46,289631,Petrol,Manual,2,0.0,2,36.1,2500.0
Toyota,8.98,2020,6,114.9,1.0,86627,Hybrid,Automatic,3,0.0,4,38.8,19689.36
Subaru,6.75,2009,17,187.7,2.59,164480,Diesel,Manual,1,0.0,4,31.8,6651.14
Tesla,8.5,2026,0,329.3,1.26,500,Hybrid,Manual,1,0.0,4,,62999.21
Kia,7.08,2010,16,157.2,1.61,118125,Petrol,Automatic,1,0.0,4,18.6,2978.76
Lexus,9.21,2015,11,296.5,4.5,150751,Hybrid,Automatic,1,0.0,2,35.4,45990.15
Lexus,9.23,2017,9,250.7,3.84,103983,Hybrid,Automatic,1,1.0,4,35.5,46543.46
Hyundai,6.65,2025,1,207.5,1.0,12687,Petrol,Manual,1,1.0,4,32.1,21637.69
Lexus,9.09,2015,11,294.6,3.59,148978,Diesel,Automatic,1,0.0,4,28.5,47238.53
Toyota,8.63,2018,8,152.5,1.53,128744,Petrol,Automatic,4,0.0,4,30.9,13776.61
Ford,6.37,2010,16,173.9,1.66,226623,Petrol,Automatic,1,1.0,4,34.3,2784.44
Honda,9.09,2011,15,209.9,2.68,180174,Petrol,Automatic,1,1.0,4,32.6,13789.97
Ford,6.39,2019,7,152.1,1.39,88558,Petrol,Manual,1,0.0,4,29.8,9336.76
Ford,6.44,2017,9,188.7,3.63,147411,Petrol,Automatic,3,0.0,4,35.3,12901.03
Mercedes-Benz,9.04,2022,4,351.4,3.45,35035,Petrol,Manual,2,0.0,4,20.9,53739.81
Honda,8.65,2020,6,179.6,1.0,67752,Petrol,Manual,1,0.0,4,30.8,20605.29
Subaru,7.91,2022,4,155.7,2.61,52834,Petrol,Automatic,2,0.0,2,22.5,26960.9
Subaru,7.88,2017,9,144.6,1.6,97761,Petrol,Automatic,1,0.0,4,38.0,19125.38
Honda,8.42,2025,1,206.9,1.0,9056,Petrol,Automatic,3,1.0,4,27.1,28060.83
Kia,7.08,2012,14,174.9,1.0,196702,Diesel,Automatic,3,0.0,4,31.7,2500.0
Tesla,9.51,2010,16,193.2,0.0,193781,Electric,Automatic,1,0.0,4,12.0,35868.09
Kia,6.05,2015,11,161.1,1.49,161506,Petrol,Manual,1,1.0,4,24.8,2500.0
Chevrolet,6.49,2022,4,132.4,2.02,52033,Hybrid,Automatic,1,0.0,4,39.7,22082.33
Volkswagen,7.22,2022,4,158.9,1.92,16827,Petrol,Automatic,1,0.0,4,27.1,24590.41
Tesla,9.08,2009,17,292.8,3.37,149278,Petrol,Automatic,1,0.0,4,30.5,42615.98
Audi,8.45,2012,14,331.9,0.0,166604,Electric,Automatic,3,0.0,2,12.0,38546.28
Subaru,8.07,2012,14,185.8,2.79,236674,Hybrid,Automatic,2,1.0,4,43.4,8429.31
Kia,6.6,2024,2,173.9,1.0,14947,Petrol,Automatic,2,0.0,4,27.1,19827.62
Audi,9.11,2012,14,345.1,0.0,104120,Electric,Manual,4,0.0,4,12.0,41936.46
Honda,8.29,2017,9,308.1,0.0,88689,Electric,Automatic,2,0.0,4,12.0,26669.33
Toyota,7.9,2019,7,149.2,1.62,73771,Hybrid,Automatic,1,1.0,4,37.2,17981.54
Subaru,7.67,2017,9,142.5,2.29,107297,Petrol,Automatic,4,1.0,4,29.2,18802.81
Kia,6.7,2023,3,210.7,1.89,18723,Petrol,Manual,3,1.0,4,21.3,20097.51
Honda,7.93,2023,3,237.7,2.79,32175,Diesel,Manual,2,1.0,4,,25288.32
Hyundai,6.25,2022,4,174.3,1.43,50723,Hybrid,Automatic,2,1.0,4,35.5,19950.18
Mazda,7.05,2012,14,160.3,1.6,217310,Diesel,Automatic,2,0.0,4,24.1,3641.89
Toyota,8.08,2026,0,175.7,1.15,14047,Petrol,Manual,2,0.0,4,36.5,29020.99
Lexus,8.56,2012,14,288.4,2.41,233464,Petrol,Automatic,3,0.0,4,33.5,32075.72
Ford,6.91,2020,6,130.2,1.99,57325,Petrol,Automatic,1,1.0,4,30.2,15262.32
Kia,6.64,2016,10,122.4,2.33,120181,Hybrid,Manual,1,0.0,4,38.9,6337.52
Tesla,9.27,2021,5,299.4,3.02,77647,Petrol,Manual,1,0.0,4,23.6,53470.2
Subaru,7.62,2024,2,146.5,2.29,27911,Diesel,Automatic,2,0.0,4,28.1,29565.04
Mercedes-Benz,8.48,2026,0,198.5,3.22,3306,Petrol,Automatic,1,0.0,2,24.5,55421.8
Mercedes-Benz,9.16,2018,8,224.1,3.66,77031,Hybrid,Manual,1,0.0,4,36.1,47660.54
Ford,6.28,2026,0,161.5,1.16,3649,Petrol,Automatic,1,0.0,4,25.7,25044.72
Kia,6.71,2026,0,148.1,2.14,2714,Petrol,Automatic,2,0.0,2,25.1,20428.97
Kia,6.42,2016,10,230.3,0.0,137437,Electric,Automatic,2,3.0,2,12.0,11682.85
Nissan,6.15,2011,15,210.8,1.78,108552,Diesel,Manual,1,0.0,4,25.1,4052.49
Hyundai,7.09,2019,7,128.4,1.72,104413,Hybrid,Automatic,3,0.0,4,,13448.56
Mazda,6.43,2025,1,168.6,1.0,5198,Petrol,Automatic,2,,4,24.7,25197.3
Mercedes-Benz,9.36,2011,15,231.9,3.0,184191,Petrol,Automatic,2,0.0,4,27.6,35944.0
Kia,6.51,2010,16,170.8,2.07,266734,Diesel,Automatic,1,0.0,4,28.9,2500.0
Hyundai,6.7,2020,6,156.4,1.8,54158,Petrol,Manual,3,0.0,4,28.4,13447.51
Subaru,7.56,2017,9,164.1,3.55,92467,Petrol,Automatic,1,1.0,4,33.9,21098.31
Kia,7.31,2021,5,199.8,1.99,62249,Petrol,Automatic,3,0.0,4,28.6,19113.32
Mercedes-Benz,8.41,2025,1,270.4,0.0,10225,Electric,Automatic,1,0.0,4,12.0,60745.49
Mazda,7.42,2013,13,207.7,2.46,119330,Hybrid,Automatic,1,1.0,2,31.9,17206.54
Ford,6.65,2021,5,197.5,1.65,29833,Diesel,Manual,1,0.0,4,26.5,19161.81
Nissan,6.39,2012,14,195.9,1.86,99020,Petrol,Automatic,1,0.0,4,28.3,5812.13
Hyundai,6.96,2008,18,294.3,0.0,229668,Electric,Automatic,1,2.0,4,12.0,5353.98
BMW,9.15,2025,1,247.8,1.93,4197,Diesel,Automatic,2,0.0,4,22.8,52512.34
Chevrolet,6.36,2026,0,194.9,2.64,2446,Petrol,Manual,1,1.0,4,28.2,22067.64
Chevrolet,6.19,2019,7,185.8,3.54,98210,Petrol,Manual,2,2.0,4,32.2,11503.59
Nissan,6.36,2018,8,170.0,3.89,101864,Petrol,Automatic,3,0.0,4,27.7,15439.85
Honda,7.77,2012,14,186.7,2.42,137390,Petrol,Automatic,1,,4,31.2,12640.7
Honda,9.33,2014,12,128.7,1.48,117563,Petrol,Automatic,1,1.0,4,30.5,14094.76
Mazda,8.15,2023,3,187.0,1.0,20422,Petrol,Automatic,1,0.0,4,23.3,25236.58
Chevrolet,6.27,2026,0,124.3,1.87,500,Petrol,Automatic,2,0.0,4,33.4,21955.73
Audi,8.78,2026,0,304.4,2.9,6458,Petrol,Automatic,1,0.0,4,24.8,54980.78
Nissan,6.09,2021,5,182.6,1.44,44676,Diesel,Automatic,3,0.0,4,22.6,15081.54
Mazda,6.93,2021,5,251.6,0.0,44937,Electric,Automatic,1,0.0,2,12.0,26752.8
Toyota,8.97,2022,4,148.9,1.94,44195,Petrol,Automatic,2,0.0,4,30.8,21407.76
Toyota,8.56,2010,16,174.2,2.33,220134,Petrol,Manual,1,0.0,4,32.5,6001.0
Tesla,8.39,2013,13,355.4,2.82,84794,Petrol,Manual,1,0.0,4,31.5,51768.69
Nissan,5.77,2017,9,193.4,2.8,102306,Petrol,Manual,3,0.0,2,25.5,8032.46
Ford,6.33,2021,5,315.7,0.0,89097,Electric,Manual,1,0.0,4,12.0,25399.71
Chevrolet,6.36,2013,13,247.0,1.81,210754,Petrol,Automatic,1,1.0,2,33.0,5760.22
Ford,6.6,2016,10,179.0,1.66,136377,Petrol,Automatic,1,0.0,4,17.7,11546.21
Nissan,6.01,2017,9,174.7,1.52,131493,Hybrid,Manual,3,1.0,4,39.6,9154.41
Lexus,9.73,2010,16,240.1,2.95,227715,Petrol,Automatic,2,0.0,4,22.5,33496.43
Subaru,8.24,2010,16,169.4,1.0,158660,Hybrid,Manual,2,1.0,4,34.9,5406.09
Mazda,7.75,2009,17,178.7,1.0,231705,Petrol,Automatic,2,0.0,4,24.8,4207.33
Mazda,7.69,2023,3,188.4,1.51,36854,Petrol,Automatic,2,1.0,2,35.9,20946.77
Subaru,8.04,2019,7,220.7,1.48,73807,Hybrid,Automatic,2,0.0,2,38.5,29367.99
Hyundai,6.57,2025,1,179.5,3.28,9991,Petrol,Manual,3,0.0,4,23.1,22092.73
Toyota,8.45,2010,16,182.1,2.4,149060,Hybrid,Automatic,1,3.0,2,40.7,8184.73
Volkswagen,7.04,2024,2,209.9,1.58,6203,Hybrid,Automatic,1,0.0,4,35.8,34528.27
Hyundai,6.81,2010,16,166.2,1.7,210652,Hybrid,Automatic,2,1.0,2,47.1,2500.0
Subaru,7.59,2014,12,177.0,1.92,181415,Petrol,Automatic,1,1.0,4,24.2,14516.2
Volkswagen,6.95,2017,9,114.2,1.62,144026,Petrol,Automatic,1,0.0,4,35.6,13113.78
Nissan,6.28,2016,10,162.0,3.19,144765,Diesel,Manual,3,0.0,4,26.9,9575.42
Honda,8.42,2020,6,173.6,1.0,109486,Petrol,Automatic,1,0.0,4,30.7,21012.08
Audi,8.53,2017,9,324.5,0.0,127746,Electric,Automatic,1,1.0,2,12.0,41128.0
Mazda,6.63,2009,17,176.8,1.7,99608,Petrol,Automatic,1,4.0,4,23.3,2959.3
Nissan,5.68,2026,0,194.1,3.59,914,Diesel,Automatic,1,0.0,4,34.9,25098.36
Mazda,7.27,2009,17,190.2,2.32,255125,Diesel,Manual,2,2.0,4,20.0,2500.0
Lexus,9.21,2022,4,203.4,3.93,64496,Petrol,Automatic,1,1.0,2,21.3,46205.56
Nissan,6.16,2012,14,168.2,1.0,139445,Petrol,Manual,2,0.0,4,35.7,2500.0
Nissan,6.34,2022,4,296.7,0.0,47941,Electric,Manual,4,1.0,4,12.0,21882.06
Mercedes-Benz,8.77,2020,6,303.5,3.14,49766,Petrol,Manual,1,0.0,4,40.0,49755.5
Chevrolet,6.27,2014,12,218.6,1.42,124247,Diesel,Automatic,3,0.0,4,26.3,7715.98
Subaru,7.65,2017,9,168.0,1.81,104183,Diesel,Automatic,1,0.0,4,29.8,22465.44
Nissan,5.69,2012,14,193.6,2.86,206366,Petrol,Automatic,1,0.0,4,18.5,2500.0
Honda,8.17,2022,4,169.0,2.98,61928,Petrol,Automatic,3,0.0,4,32.2,26540.7
Kia,6.53,2013,13,192.0,1.0,151326,Petrol,Manual,1,1.0,4,28.8,4174.83
Honda,8.27,2011,15,218.7,1.0,185157,Petrol,Manual,1,1.0,4,21.5,10192.17
Nissan,6.39,2022,4,167.9,1.34,84459,Petrol,Automatic,1,0.0,4,33.8,19224.19
Ford,6.43,2022,4,202.5,2.27,35180,Petrol,Automatic,1,1.0,4,32.4,20730.5
Tesla,8.69,2023,3,315.6,2.82,28371,Petrol,Automatic,3,0.0,4,27.2,58384.17
Hyundai,7.02,2023,3,166.1,2.33,34424,Petrol,Automatic,1,0.0,4,28.1,21817.54
Kia,6.42,2013,13,224.4,1.92,141366,Diesel,Automatic,1,0.0,4,24.8,8900.53
Honda,8.55,2025,1,150.5,1.4,20956,Petrol,Automatic,1,0.0,4,26.2,27630.38
Volkswagen,7.0,2013,13,163.9,1.0,189577,Petrol,Automatic,3,0.0,2,27.4,11206.88
Nissan,5.73,2018,8,254.8,1.36,124388,Diesel,Automatic,1,1.0,4,28.4,13860.39
Tesla,9.13,2019,7,309.3,2.73,68973,Diesel,Automatic,1,0.0,4,29.2,53825.96
Tesla,8.88,2021,5,285.0,2.96,39309,Diesel,Automatic,1,0.0,4,30.6,59603.5
Audi,8.83,2021,5,220.7,0.0,32159,Electric,Manual,1,0.0,4,12.0,46935.89
Lexus,9.1,2009,17,292.1,3.56,209238,Petrol,Automatic,1,0.0,4,24.8,35539.05
Tesla,8.42,2025,1,319.2,3.26,11623,Diesel,Automatic,1,0.0,2,33.7,63044.51
BMW,9.02,2018,8,260.6,4.52,84797,Petrol,Automatic,2,0.0,4,32.6,45518.51
Ford,5.99,2010,16,160.7,1.53,231818,Petrol,Automatic,1,1.0,4,24.2,2500.0
Subaru,8.17,2013,13,168.0,1.47,226389,Hybrid,Automatic,3,1.0,4,41.6,12485.7
Honda,8.5,2019,7,171.2,1.0,65275,Petrol,Automatic,3,0.0,4,29.5,19154.77
Chevrolet,5.56,2017,9,222.3,1.52,162685,Petrol,Automatic,1,2.0,4,21.3,7272.45
Mazda,7.06,2017,9,249.0,1.94,104014,Diesel,Automatic,2,0.0,4,29.1,22048.68
Kia,7.25,2009,17,178.2,3.67,175412,Petrol,Automatic,1,0.0,4,31.4,8305.62
Mercedes-Benz,8.89,2009,17,261.5,1.82,193907,Petrol,Automatic,2,1.0,4,24.8,34705.06
Audi,7.78,2019,7,231.0,4.25,88629,Petrol,Automatic,1,1.0,4,29.4,41469.68
Mazda,6.81,2008,18,190.7,2.76,223032,Diesel,Automatic,1,1.0,4,29.0,2500.0
Ford,6.71,2025,1,206.7,3.0,10316,Petrol,Automatic,2,1.0,4,24.6,26007.45
Subaru,7.68,2009,17,254.2,2.12,205493,Petrol,Manual,1,2.0,4,34.3,5819.24
Toyota,7.81,2022,4,142.2,2.73,36858,Petrol,Automatic,3,0.0,4,23.5,23959.66
Mazda,7.8,2009,17,260.6,0.0,291467,Electric,Automatic,4,1.0,4,,4921.73
Volkswagen,7.3,2011,15,184.0,1.09,144591,Petrol,Automatic,3,0.0,4,24.7,9566.13
Volkswagen,6.5,2012,14,297.4,0.0,192149,Electric,Manual,3,2.0,2,12.0,9365.59
Honda,8.71,2018,8,212.0,2.38,142386,Diesel,Automatic,1,0.0,4,29.9,22665.04
Subaru,8.31,2026,0,187.2,2.19,500,Petrol,Automatic,1,0.0,2,24.5,34908.92
Lexus,9.32,2020,6,244.9,0.0,73747,Electric,Automatic,2,0.0,4,12.0,51630.62
Tesla,9.25,2020,6,287.1,3.64,46742,Petrol,Automatic,1,0.0,4,24.4,56359.59
Hyundai,6.23,2008,18,221.9,0.0,151668,Electric,Automatic,2,2.0,4,12.0,3567.29
Mazda,7.49,2011,15,189.6,2.71,181546,Petrol,Automatic,1,0.0,4,,13509.04
Volkswagen,7.57,2011,15,245.1,0.0,98289,Electric,Automatic,4,1.0,2,12.0,19004.04
Toyota,8.85,2022,4,165.5,2.38,61441,Diesel,Automatic,1,0.0,2,30.4,27211.94
BMW,8.26,2019,7,314.9,3.33,107913,Petrol,Manual,1,0.0,4,36.2,43450.43
Volkswagen,7.04,2011,15,147.2,2.23,159904,Petrol,Automatic,2,1.0,4,27.1,6208.82
Honda,7.75,2014,12,208.8,1.0,114414,Petrol,Automatic,2,,4,,12636.16
Chevrolet,6.04,2015,11,149.1,1.85,118443,Petrol,Manual,1,0.0,4,28.8,6994.27
Kia,6.98,2010,16,209.3,4.16,219189,Petrol,Automatic,2,1.0,4,28.7,5306.43
Tesla,8.84,2024,2,253.2,3.99,12796,Diesel,Automatic,3,0.0,4,28.3,57436.01
Volkswagen,7.01,2009,17,179.0,1.0,184009,Petrol,Automatic,1,,4,26.3,7951.44
Mercedes-Benz,9.31,2010,16,221.3,3.04,203220,Petrol,Manual,3,1.0,4,14.5,28402.99
Nissan,5.99,2015,11,185.0,1.96,58523,Petrol,Automatic,1,1.0,4,28.6,11131.06
BMW,8.21,2008,18,283.3,0.0,248365,Electric,Automatic,2,0.0,4,12.0,30449.28
Subaru,7.4,2008,18,133.5,1.64,149387,Petrol,Automatic,2,0.0,4,26.7,3074.2
Audi,8.76,2014,12,313.0,2.7,83196,Diesel,Automatic,2,1.0,4,20.3,41596.43
Mercedes-Benz,8.19,2021,5,285.2,2.95,43740,Petrol,Manual,1,0.0,2,27.4,52530.42
Nissan,7.53,2016,10,384.2,0.0,180276,Electric,Manual,2,0.0,4,12.0,20645.71
Volkswagen,7.77,2013,13,239.5,2.03,156627,Petrol,Automatic,3,0.0,2,27.8,12991.43
Ford,7.28,2021,5,201.6,,58829,Hybrid,Automatic,3,0.0,4,31.1,25045.69
Tesla,9.44,2019,7,204.2,4.19,95937,Petrol,Automatic,2,0.0,4,17.3,49186.79
Mazda,7.31,2013,13,165.0,2.62,211463,Petrol,Manual,1,1.0,4,,3466.81
Hyundai,7.38,2026,0,178.7,2.7,500,Hybrid,Automatic,2,1.0,4,46.2,27291.89
Chevrolet,6.42,2016,10,148.9,2.36,106609,Hybrid,Manual,4,0.0,4,37.7,8589.55
Ford,6.21,2009,17,181.2,1.78,118531,Petrol,Automatic,1,2.0,4,34.5,3745.66
Hyundai,6.27,2021,5,208.1,1.77,48672,Diesel,Manual,2,0.0,4,36.0,18412.03
Nissan,6.63,2016,10,157.7,1.17,142493,Hybrid,Automatic,1,0.0,4,33.9,12137.19
Subaru,7.1,2016,10,174.9,2.97,135568,Petrol,Automatic,1,,4,27.6,16669.9
Ford,6.64,2024,2,185.6,2.39,19199,Petrol,Automatic,1,0.0,4,22.9,25804.58
Hyundai,6.58,2025,1,178.5,2.94,11461,Diesel,Automatic,1,0.0,4,32.8,29549.43
Lexus,9.68,2018,8,282.8,3.76,63793,Petrol,Manual,1,0.0,2,25.7,45966.4
Nissan,6.88,2020,6,159.0,2.24,74771,Diesel,Manual,2,2.0,4,31.2,12283.77
Lexus,8.84,2014,12,274.9,3.08,96215,Hybrid,Manual,4,0.0,4,37.5,40506.99
Audi,8.01,2021,5,336.9,2.92,67922,Hybrid,Automatic,1,0.0,4,36.8,56070.8
Mazda,7.3,2026,0,180.4,2.28,1573,Petrol,Automatic,2,0.0,4,28.7,30128.57
Lexus,9.33,2015,11,202.7,2.25,100496,Hybrid,Automatic,1,1.0,4,32.7,42218.89
BMW,8.97,2009,17,220.7,0.0,240207,Electric,Manual,3,0.0,4,12.0,23266.71
Honda,7.84,2021,5,157.8,1.45,55625,Diesel,Automatic,2,1.0,4,28.4,18992.91
Chevrolet,6.51,2014,12,356.1,0.0,154341,Electric,Automatic,1,0.0,2,12.0,20862.02
Kia,6.31,2020,6,201.0,3.99,71046,Petrol,Automatic,2,0.0,4,24.2,15527.79
Kia,7.72,2022,4,169.0,1.0,55165,Diesel,Automatic,2,0.0,4,26.9,18314.22
Nissan,6.34,2017,9,141.8,2.28,99805,Petrol,Automatic,1,0.0,4,30.2,13145.63
Mazda,7.12,2012,14,245.6,0.0,196388,Electric,Automatic,1,1.0,4,12.0,14227.93
Honda,7.71,2010,16,170.1,2.03,165957,Diesel,Manual,2,0.0,4,31.1,2500.0
Mercedes-Benz,9.34,2026,0,278.0,2.98,500,Petrol,Manual,2,0.0,4,27.5,58876.97
Honda,8.08,2009,17,164.2,1.83,178723,Hybrid,Automatic,3,0.0,4,44.2,7659.2
Hyundai,6.67,2015,11,172.3,2.6,140799,Petrol,Manual,1,1.0,4,29.4,6723.83
Honda,8.07,2012,14,174.9,1.03,189685,Petrol,Automatic,2,0.0,2,23.9,9707.75
Ford,5.96,2017,9,169.5,2.06,51706,Hybrid,Automatic,1,2.0,2,29.4,12314.74
Lexus,9.77,2018,8,292.6,3.59,68915,Petrol,Automatic,1,0.0,4,29.6,50061.45
Honda,8.0,2010,16,222.2,2.23,247539,Petrol,Automatic,2,0.0,4,21.9,5249.41
Hyundai,6.38,2009,17,198.8,1.0,292153,Petrol,Automatic,1,0.0,2,19.9,2500.0
Hyundai,6.38,2026,0,148.8,1.0,12112,Petrol,Automatic,1,0.0,4,24.7,22721.99
Ford,6.63,2012,14,170.5,1.23,172967,Petrol,Automatic,1,0.0,4,31.8,6465.82
Lexus,9.26,2018,8,288.3,4.04,107613,Petrol,Automatic,2,0.0,4,31.5,51544.39
Hyundai,7.32,2021,5,120.9,1.96,61014,Petrol,Automatic,1,,4,,18420.42
Volkswagen,6.67,2010,16,219.3,2.94,214539,Petrol,Manual,4,1.0,4,20.2,3848.91
Chevrolet,6.88,2022,4,159.9,2.21,48675,Petrol,Automatic,1,0.0,4,24.0,19558.34
Hyundai,6.98,2015,11,215.9,1.36,136183,Petrol,Automatic,1,0.0,2,26.8,10761.58
Ford,6.6,2010,16,206.9,2.19,259092,Petrol,Automatic,2,0.0,4,29.3,3608.98
Subaru,7.67,2019,7,176.6,3.06,102713,Petrol,Manual,1,0.0,4,23.6,18608.42
Lexus,9.35,2016,10,273.2,3.34,109087,Petrol,Manual,3,1.0,4,27.1,41526.08
Toyota,8.49,2026,0,136.7,1.33,500,Petrol,Automatic,1,0.0,4,30.0,28791.9
Kia,6.75,2021,5,206.0,2.5,59748,Petrol,Automatic,1,0.0,4,23.9,20205.35
Nissan,5.51,2019,7,250.5,0.0,87713,Electric,Manual,1,1.0,4,12.0,15696.78
Audi,9.01,2014,12,279.2,2.63,131885,Petrol,Automatic,1,0.0,2,19.2,40995.63
BMW,8.97,2017,9,271.2,3.6,108724,Petrol,Automatic,3,0.0,4,35.3,43967.87
Ford,6.72,2022,4,160.7,2.38,46329,Petrol,Automatic,1,0.0,2,23.0,21843.47
Ford,6.46,2021,5,210.3,1.79,51905,Diesel,Automatic,2,0.0,4,25.0,23664.76
Subaru,7.2,2023,3,189.2,1.9,35525,Hybrid,Manual,1,0.0,4,37.4,24446.56
Toyota,9.08,2024,2,191.3,1.41,17090,Petrol,Manual,1,0.0,4,21.4,29530.09
Lexus,9.01,2025,1,292.2,2.4,14235,Hybrid,Manual,2,1.0,4,32.6,54789.84
Toyota,8.63,2021,5,117.0,1.45,78463,Petrol,Automatic,1,1.0,4,24.4,23470.7
Nissan,6.73,2022,4,197.3,1.3,39298,Petrol,Automatic,2,0.0,4,30.7,24778.28
Hyundai,6.7,2019,7,180.3,2.62,105847,Diesel,Automatic,2,0.0,4,28.3,17449.16
Lexus,9.29,2019,7,348.8,2.93,111747,Petrol,Automatic,2,0.0,4,24.7,54042.51
Honda,8.48,2023,3,151.2,2.99,50061,Petrol,Automatic,2,1.0,2,22.4,23088.46
Subaru,7.3,2021,5,186.7,1.98,64375,Petrol,Automatic,1,1.0,4,32.9,21063.81
Subaru,8.2,2017,9,168.9,2.2,135881,Petrol,Automatic,1,0.0,4,33.8,19296.19
Ford,6.07,2021,5,191.8,3.29,58027,Petrol,Automatic,1,0.0,4,32.0,20287.36
Honda,8.88,2011,15,158.6,1.52,176201,Diesel,Automatic,1,0.0,4,30.3,9472.08
Subaru,8.27,2022,4,174.4,1.69,36358,Petrol,Manual,1,0.0,2,16.1,26349.24
Chevrolet,6.22,2016,10,187.4,1.98,121486,Petrol,Automatic,1,,4,20.5,12321.76
Ford,6.32,2023,3,211.4,2.33,29243,Diesel,Manual,1,0.0,4,28.8,21239.52
Mercedes-Benz,8.9,2023,3,198.5,3.99,32846,Diesel,Automatic,3,1.0,4,27.0,48477.58
Honda,7.61,2021,5,321.1,0.0,52321,Electric,Automatic,1,0.0,4,12.0,34121.15
Chevrolet,6.15,2015,11,202.1,1.0,106852,Petrol,Manual,4,0.0,4,25.6,4683.59
Mercedes-Benz,9.13,2022,4,299.0,2.72,42018,Hybrid,Manual,1,,4,32.6,53961.14
Mercedes-Benz,9.1,2013,13,282.6,2.87,110118,Petrol,Automatic,1,0.0,4,34.4,43697.62
Volkswagen,6.98,2012,14,129.1,3.0,195589,Hybrid,Automatic,1,0.0,4,44.8,11638.72
Volkswagen,6.43,2013,13,159.1,1.3,185227,Petrol,Automatic,1,0.0,2,30.6,8941.15
Hyundai,7.14,2020,6,297.8,0.0,56341,Electric,Automatic,1,0.0,4,12.0,29613.14
Chevrolet,5.89,2017,9,262.7,0.0,121914,Electric,Automatic,3,0.0,4,12.0,19023.73
Volkswagen,7.39,2023,3,196.2,1.99,53754,Petrol,Manual,1,0.0,2,30.6,25235.87
Mercedes-Benz,9.3,2011,15,295.6,3.35,180268,Diesel,Manual,1,0.0,4,30.1,37829.71
Tesla,8.54,2008,18,314.4,0.0,139462,Electric,Automatic,1,1.0,2,12.0,43969.89
Chevrolet,5.8,2015,11,152.5,2.42,122494,Petrol,Automatic,2,0.0,4,27.2,7770.2
Honda,7.78,2014,12,189.6,1.9,175476,Petrol,Automatic,1,0.0,4,29.5,15971.1
Ford,6.5,2013,13,363.5,,162194,Electric,Automatic,1,2.0,2,12.0,19423.61
Audi,8.27,2013,13,319.8,2.73,178880,Petrol,Automatic,1,1.0,4,26.5,37742.14
Chevrolet,6.33,2021,5,173.2,,46406,Petrol,Automatic,3,1.0,4,36.2,17701.93
Kia,7.02,2021,5,190.9,1.37,56647,Petrol,Automatic,1,0.0,4,30.3,20026.0
Kia,5.92,2012,14,166.2,2.59,234128,Petrol,Automatic,2,0.0,4,26.2,2500.0
Ford,7.26,2014,12,202.3,2.03,163487,Petrol,Automatic,1,0.0,4,28.5,15241.06
Kia,6.33,2010,16,163.5,3.16,51993,Diesel,Automatic,1,,4,32.2,11608.12
Subaru,7.38,2017,9,203.6,1.51,52656,Petrol,Automatic,2,,4,22.8,21731.24
Kia,7.21,2016,10,296.5,0.0,119218,Electric,Automatic,1,1.0,4,12.0,18008.71
Hyundai,6.77,2022,4,154.0,2.05,28546,Petrol,Automatic,1,2.0,4,37.3,15691.32
Subaru,7.56,2009,17,322.9,0.0,213104,Electric,Automatic,1,0.0,4,12.0,16655.59
Ford,6.24,2026,0,158.7,1.1,500,Petrol,Automatic,2,0.0,4,29.8,25421.12
Toyota,8.93,2021,5,180.2,2.55,43589,Petrol,Automatic,2,0.0,4,24.0,28021.24
Subaru,7.38,2008,18,213.3,1.38,308709,Hybrid,Automatic,1,0.0,4,37.7,5116.65
Chevrolet,6.65,2020,6,170.4,1.26,76214,Petrol,Manual,1,1.0,2,24.1,14366.42
Kia,6.58,2023,3,171.9,1.92,34354,Hybrid,Automatic,1,0.0,4,42.3,22833.09
Kia,6.03,2017,9,233.5,1.57,116813,Petrol,Automatic,1,0.0,2,36.0,15725.95
Hyundai,6.4,2010,16,211.8,,188349,Petrol,Automatic,1,1.0,4,27.6,2500.0
Subaru,8.09,2021,5,154.5,2.22,53235,Diesel,Manual,1,0.0,4,12.4,24481.98
Hyundai,7.26,2015,11,153.6,2.25,144651,Petrol,Automatic,1,0.0,4,32.9,8588.36
Ford,7.29,2022,4,161.9,1.6,47546,Hybrid,Automatic,2,0.0,4,47.4,22462.96
Ford,5.95,2019,7,165.9,1.53,75488,Diesel,Manual,2,0.0,4,21.4,8404.93
Tesla,8.58,2026,0,215.4,2.69,500,Diesel,Automatic,1,0.0,4,22.3,58401.0
Hyundai,7.16,2018,8,198.9,1.48,87281,Hybrid,Automatic,1,0.0,4,34.8,17185.6
Audi,7.96,2019,7,303.8,3.67,90324,Diesel,Automatic,3,0.0,2,22.1,45900.32
Hyundai,6.32,2026,0,148.8,1.69,2614,Petrol,Automatic,2,0.0,2,,22033.48
Mazda,7.94,2016,10,174.8,2.83,129444,Diesel,Automatic,1,0.0,4,34.3,16975.88
Audi,7.77,2014,12,282.8,3.22,226027,Petrol,Automatic,1,0.0,4,30.5,34903.51
Nissan,6.88,2020,6,183.1,1.0,72481,Petrol,Automatic,1,0.0,4,20.9,19509.44
BMW,8.93,2024,2,339.8,3.94,27189,Hybrid,Automatic,2,0.0,4,41.5,58568.77
Ford,6.29,2016,10,172.1,1.47,124610,Petrol,Automatic,2,0.0,4,23.9,10564.45
Tesla,9.35,2010,16,362.6,3.26,216706,Diesel,Automatic,1,1.0,4,26.0,40953.73
Chevrolet,6.34,2014,12,174.7,1.01,165912,Diesel,Automatic,2,2.0,4,29.0,2500.0
BMW,8.22,2018,8,296.8,3.47,88266,Diesel,Manual,3,0.0,4,33.4,42262.8
Toyota,8.52,2017,9,153.2,1.82,96430,Diesel,Automatic,1,0.0,4,23.9,19304.59
Ford,5.99,2017,9,137.7,,92010,Hybrid,Automatic,2,0.0,4,36.0,12092.25
Audi,7.55,2009,17,275.2,3.08,236630,Petrol,Automatic,1,0.0,4,20.6,29632.85
Chevrolet,5.54,2024,2,146.3,2.0,17215,Petrol,Automatic,1,0.0,4,28.0,22380.07
Toyota,8.56,2015,11,212.9,1.49,132939,Petrol,Automatic,1,0.0,4,32.0,16613.6
Toyota,8.38,2022,4,190.7,1.0,45975,Diesel,Manual,4,0.0,4,28.2,22757.11
Chevrolet,6.54,2019,7,159.4,1.31,71088,Petrol,Manual,1,0.0,4,20.8,16375.07
Audi,8.79,2019,7,226.4,3.2,84070,Petrol,Automatic,1,0.0,4,33.2,43629.13
Toyota,8.17,2008,18,206.7,1.73,204999,Petrol,Automatic,2,0.0,2,30.9,8862.27
Honda,7.92,2026,0,199.6,2.12,500,Petrol,Automatic,3,0.0,2,28.4,29528.97
Subaru,7.61,2016,10,139.0,1.62,112368,Diesel,Automatic,1,1.0,2,33.4,12109.91
Audi,9.23,2019,7,249.6,3.2,117755,Hybrid,Automatic,2,0.0,4,40.5,44506.99
Tesla,8.88,2023,3,220.8,4.33,33065,Petrol,Automatic,1,0.0,4,31.6,56469.85
Nissan,6.02,2023,3,241.8,1.87,39837,Diesel,Automatic,1,0.0,4,29.9,22179.32
Chevrolet,6.45,2009,17,180.0,2.08,151247,Petrol,Manual,1,0.0,2,28.4,2500.0
Toyota,8.41,2012,14,187.6,1.67,109839,Hybrid,Automatic,1,,4,39.9,18346.5
Mazda,7.13,2025,1,196.1,1.5,15634,Diesel,Automatic,1,0.0,4,30.0,29978.15
Audi,8.62,2022,4,269.0,3.46,50482,Petrol,Automatic,3,0.0,2,29.7,47823.87
Audi,8.94,2025,1,252.0,3.75,19741,Petrol,Manual,1,0.0,4,23.6,51367.66
Subaru,8.28,2023,3,224.3,,34177,Petrol,Manual,1,0.0,4,30.7,28534.42
Hyundai,6.2,2021,5,119.9,2.52,53065,Petrol,Automatic,1,0.0,4,28.6,14580.4
Volkswagen,7.79,2022,4,134.2,2.27,60391,Hybrid,Automatic,1,0.0,4,40.4,24112.83
Honda,9.17,2012,14,323.8,0.0,136695,Electric,Manual,3,1.0,4,12.0,19209.97
Kia,7.14,2017,9,201.4,1.31,120395,Petrol,Manual,3,2.0,4,20.4,5413.71
Kia,6.61,2011,15,228.8,3.42,145989,Petrol,Automatic,2,0.0,2,33.5,6777.99
Honda,8.56,2010,16,189.4,2.79,202228,Petrol,Automatic,1,1.0,4,27.9,7718.07
Kia,7.0,2023,3,155.2,2.0,34132,Hybrid,Manual,3,0.0,4,47.6,17707.27
Mazda,8.1,2014,12,163.5,3.27,211899,Petrol,Automatic,1,0.0,2,27.9,10406.55
Kia,7.0,2012,14,216.8,1.53,141816,Petrol,Automatic,4,0.0,4,26.7,9802.01
Kia,5.95,2024,2,155.1,2.2,32503,Petrol,Manual,2,0.0,4,28.0,16790.96
Nissan,5.77,2025,1,180.9,1.24,17402,Diesel,Automatic,1,1.0,4,32.8,20696.84
Toyota,8.88,2013,13,144.0,1.88,180772,Diesel,Automatic,3,0.0,2,29.6,8396.84
Chevrolet,5.82,2024,2,159.8,1.59,25158,Petrol,Automatic,3,0.0,2,33.8,18593.76
Mercedes-Benz,8.99,2019,7,256.5,0.0,74511,Electric,Automatic,1,0.0,4,12.0,51933.29
Toyota,8.07,2014,12,175.8,1.32,165535,Petrol,Automatic,1,2.0,4,29.3,8229.77
Kia,6.85,2022,4,206.6,1.31,41689,Petrol,Automatic,3,0.0,2,23.1,18703.71
Mazda,6.36,2013,13,173.8,1.62,188328,Petrol,Automatic,1,0.0,4,16.9,5121.41
Mazda,7.33,2011,15,151.6,1.64,189828,Hybrid,Automatic,2,0.0,4,34.9,6234.6
Ford,6.53,2018,8,222.8,2.57,75691,Petrol,Manual,2,0.0,4,30.3,16502.16
Volkswagen,6.99,2026,0,158.4,2.43,1785,Hybrid,Automatic,3,0.0,4,38.7,31458.35
Ford,6.02,2012,14,178.0,3.17,244937,Petrol,Automatic,1,0.0,2,24.8,3344.39
Audi,8.7,2018,8,220.6,0.0,147441,Electric,Automatic,3,0.0,2,12.0,39405.97
Kia,6.46,2024,2,133.1,2.43,30335,Diesel,Manual,2,0.0,4,30.5,19082.36
Honda,7.98,2013,13,184.7,1.6,143728,Hybrid,Automatic,1,1.0,4,37.1,12210.62
Audi,8.47,2009,17,347.6,4.14,238167,Petrol,Automatic,2,2.0,2,24.5,30236.28
Tesla,9.21,2013,13,264.4,3.12,159594,Diesel,Automatic,1,0.0,2,34.1,44570.27
Subaru,7.99,2022,4,126.7,2.47,61038,Petrol,Automatic,3,1.0,4,33.8,23083.46
Mazda,7.14,2015,11,124.2,,159336,Hybrid,Automatic,2,2.0,4,41.0,7051.33
Honda,7.42,2026,0,170.0,2.01,1894,Diesel,Automatic,1,0.0,4,29.6,29392.21
Subaru,7.81,2014,12,163.3,2.27,131417,Diesel,Automatic,2,1.0,4,37.5,13486.3
Mazda,6.9,2022,4,128.0,3.07,67456,Diesel,Automatic,2,1.0,4,39.0,18841.29
Volkswagen,6.76,2024,2,124.6,1.8,27694,Petrol,Automatic,2,0.0,4,24.0,25351.11
Honda,8.35,2016,10,257.1,1.0,112719,Petrol,Manual,2,0.0,4,28.1,23628.06
Toyota,8.58,2019,7,128.7,1.62,45167,Petrol,Automatic,2,0.0,2,30.3,22033.71
Kia,7.05,2014,12,203.0,2.79,168275,Petrol,Manual,4,0.0,2,27.4,5899.88
Mercedes-Benz,9.45,2014,12,325.9,2.59,112536,Hybrid,Automatic,3,0.0,2,47.6,48171.87
Honda,8.01,2017,9,229.6,1.93,118054,Petrol,Automatic,4,0.0,4,28.6,19163.58
Nissan,6.16,2012,14,171.7,1.0,145972,Diesel,Automatic,2,0.0,4,33.6,4511.25
Toyota,8.95,2013,13,150.2,2.27,245660,Petrol,Automatic,2,1.0,4,26.4,6784.2
Toyota,8.44,2018,8,163.1,1.29,110057,Petrol,Automatic,1,0.0,4,30.2,19589.63
Mazda,6.77,2014,12,184.4,1.86,78484,Diesel,Automatic,2,0.0,4,29.0,14227.86
Toyota,8.43,2020,6,120.6,2.65,64242,Petrol,Automatic,2,0.0,4,31.7,22833.84
Hyundai,7.03,2012,14,178.9,2.71,216309,Diesel,Manual,3,1.0,4,34.6,2500.0
BMW,8.39,2010,16,299.3,2.77,184825,Hybrid,Manual,2,1.0,4,,34134.3
Honda,7.94,2017,9,218.4,2.81,136754,Petrol,Manual,3,,2,32.5,14061.25
Hyundai,7.48,2014,12,239.9,2.83,139079,Petrol,Automatic,1,0.0,4,27.2,14698.39
Honda,8.1,2024,2,181.6,1.39,35133,Petrol,Automatic,1,0.0,4,29.6,27852.91
Nissan,6.58,2023,3,171.2,1.83,54373,Petrol,Automatic,1,1.0,2,30.6,17914.72
Volkswagen,6.99,2014,12,132.5,1.19,107444,Petrol,Automatic,1,0.0,4,14.1,14309.3
Hyundai,7.14,2008,18,153.3,2.73,96725,Petrol,Automatic,2,1.0,4,31.9,2500.0
BMW,8.64,2019,7,223.9,4.32,92123,Diesel,Automatic,1,0.0,4,30.2,45415.98
Hyundai,6.78,2012,14,219.1,2.0,141521,Petrol,Automatic,1,0.0,2,31.5,4928.26
Chevrolet,6.14,2009,17,314.6,0.0,168093,Electric,Automatic,1,0.0,4,12.0,12647.27
Nissan,6.49,2021,5,178.4,,17938,Diesel,Automatic,1,0.0,2,31.5,22705.18
Toyota,8.15,2025,1,150.6,2.72,12788,Hybrid,Automatic,2,0.0,4,41.1,28524.65
Kia,6.64,2012,14,160.7,2.6,190657,Petrol,Automatic,1,0.0,4,30.7,2500.0
Subaru,8.45,2026,0,178.1,1.06,3882,Petrol,Automatic,1,0.0,4,24.3,32870.27
Kia,7.4,2013,13,177.1,2.45,113805,Petrol,Automatic,3,0.0,4,28.5,9936.35
Chevrolet,6.34,2010,16,199.3,2.5,131838,Petrol,Automatic,2,0.0,4,15.0,10697.55
Chevrolet,7.02,2026,0,136.5,1.43,500,Petrol,Automatic,1,0.0,4,24.6,25105.62
Ford,6.37,2017,9,359.9,0.0,140414,Electric,Automatic,3,0.0,4,12.0,23488.38
Audi,8.5,2021,5,377.8,4.11,54824,Petrol,Automatic,1,1.0,4,25.6,53421.15
Kia,7.0,2012,14,208.3,1.81,148716,Petrol,Automatic,2,0.0,4,27.3,7906.66
Honda,7.61,2012,14,202.1,1.99,79764,Diesel,Manual,3,1.0,4,25.7,9387.36
Chevrolet,5.38,2026,0,218.6,1.55,500,Diesel,Manual,1,0.0,4,22.8,25352.4
Honda,7.95,2014,12,182.2,1.67,167039,Petrol,Automatic,3,0.0,4,26.4,9441.12
Nissan,6.5,2021,5,157.0,2.02,15464,Petrol,Automatic,1,0.0,4,20.7,20167.15
Audi,9.29,2026,0,291.7,0.0,500,Electric,Automatic,1,0.0,4,12.0,59279.5
Kia,6.27,2026,0,184.4,1.86,500,Petrol,Automatic,1,0.0,4,27.4,23750.84
Tesla,9.3,2014,12,288.3,3.73,140390,Petrol,Automatic,3,1.0,4,,44500.37
Honda,8.56,2013,13,160.1,1.91,160724,Petrol,Automatic,2,1.0,4,22.8,9342.53
Ford,6.49,2010,16,165.5,2.86,247992,Diesel,Automatic,1,1.0,4,25.1,2500.0
Kia,6.14,2021,5,180.4,1.22,42430,Diesel,Manual,1,0.0,2,30.1,16690.01
Honda,8.12,2019,7,191.2,1.0,148526,Petrol,Automatic,3,0.0,4,30.8,21776.06
BMW,8.34,2025,1,291.3,2.3,10918,Hybrid,Automatic,1,0.0,4,35.2,55249.11
Kia,6.1,2025,1,183.4,2.69,13124,Petrol,Automatic,3,0.0,4,38.5,19419.5
Kia,7.11,2012,14,136.6,2.4,219692,Petrol,Automatic,1,1.0,4,32.9,2500.0
Audi,8.64,2013,13,259.9,3.4,149080,Hybrid,Automatic,3,0.0,4,29.1,34979.47
Nissan,6.55,2026,0,139.1,2.88,500,Petrol,Manual,1,0.0,4,,21591.05
Ford,6.5,2020,6,191.5,1.43,69346,Petrol,Manual,1,0.0,4,33.4,19326.77
Toyota,8.51,2021,5,164.3,1.76,80650,Petrol,Automatic,1,0.0,4,28.6,22424.57
Audi,7.89,2020,6,307.4,3.43,60499,Diesel,Automatic,1,1.0,4,25.3,48229.47
Hyundai,6.24,2012,14,191.6,1.99,247135,Petrol,Automatic,3,0.0,4,23.2,2500.0
Nissan,6.33,2025,1,205.1,1.7,5368,Diesel,Automatic,2,2.0,4,34.8,22198.36
Kia,6.56,2020,6,178.9,2.45,24918,Petrol,Automatic,1,2.0,4,26.7,14706.42
Hyundai,6.72,2015,11,226.2,2.24,167185,Hybrid,Automatic,1,0.0,4,37.5,13283.55
Honda,8.85,2011,15,179.8,1.68,249844,Petrol,Manual,1,0.0,4,28.6,5563.3
Mazda,7.66,2020,6,218.7,2.68,85994,Diesel,Manual,1,0.0,4,31.6,21407.11
Toyota,8.1,2020,6,127.8,1.39,60613,Petrol,Automatic,3,0.0,4,36.6,20522.56
Volkswagen,6.97,2022,4,179.2,1.46,58027,Petrol,Manual,1,1.0,4,30.3,24122.66
Ford,7.08,2026,0,264.0,2.53,4868,Diesel,Automatic,1,1.0,4,30.1,31474.04
Nissan,5.82,2008,18,145.6,1.38,233149,Petrol,Automatic,1,2.0,4,34.4,2500.0
Subaru,7.48,2025,1,214.6,,14705,Petrol,Automatic,1,0.0,4,31.2,35512.92
Mercedes-Benz,8.83,2015,11,278.4,3.18,33685,Diesel,Automatic,1,0.0,4,28.3,50576.5
Hyundai,6.62,2023,3,175.0,1.99,22644,Petrol,Manual,2,0.0,4,26.1,16280.06
Subaru,8.1,2013,13,224.6,1.2,155956,Petrol,Automatic,2,0.0,4,28.8,17242.71
Subaru,7.45,2009,17,205.3,2.2,171190,Petrol,Automatic,1,2.0,4,27.3,6871.85
Kia,6.95,2009,17,170.8,2.45,233989,Petrol,Automatic,1,1.0,4,27.7,2500.0
Nissan,6.63,2019,7,182.4,1.98,104237,Hybrid,Manual,1,0.0,4,34.5,14357.0
Volkswagen,6.9,2026,0,164.0,1.54,500,Petrol,Automatic,3,0.0,4,31.7,29665.73
Subaru,7.5,2011,15,163.0,1.27,153406,Petrol,Automatic,1,0.0,4,25.6,9503.56
Volkswagen,7.17,2021,5,221.2,1.72,67022,Diesel,Automatic,2,0.0,4,26.7,24550.15
Toyota,8.45,2008,18,152.7,1.88,237879,Diesel,Automatic,2,0.0,4,26.0,4589.45
Lexus,9.33,2016,10,219.3,2.23,103343,Petrol,Automatic,1,0.0,4,30.2,40797.2
Hyundai,6.6,2015,11,147.4,1.8,115004,Diesel,Automatic,2,0.0,4,22.9,8228.05
Toyota,8.36,2026,0,204.0,3.05,921,Hybrid,Manual,4,0.0,4,28.4,31894.75
Nissan,6.85,2009,17,287.2,0.0,215864,Electric,Automatic,3,0.0,4,12.0,5743.33
Kia,6.87,2023,3,233.6,2.71,20122,Diesel,Automatic,2,0.0,4,30.6,25835.65
Chevrolet,6.46,2026,0,179.5,1.74,500,Petrol,Automatic,1,1.0,4,36.7,27738.95
Nissan,6.24,2008,18,171.0,2.97,191203,Petrol,Automatic,1,1.0,4,26.7,2500.0
Mazda,6.99,2025,1,177.2,1.14,22445,Diesel,Automatic,1,0.0,4,19.2,25078.57
Hyundai,6.55,2020,6,202.3,1.74,59305,Diesel,Automatic,2,0.0,4,25.6,20005.54
Toyota,8.74,2009,17,276.6,0.0,255892,Electric,Manual,1,1.0,2,12.0,8265.23
Honda,8.25,2022,4,161.5,1.91,81444,Petrol,Manual,2,0.0,4,21.1,19667.49
Audi,8.97,2023,3,234.5,3.48,37867,Petrol,Manual,1,0.0,4,31.7,47658.86
Toyota,8.75,2017,9,171.0,1.0,148506,Petrol,Automatic,2,0.0,4,25.9,16499.39
Ford,7.16,2026,0,247.2,2.33,500,Diesel,Manual,3,0.0,4,28.7,25764.53
Tesla,8.86,2017,9,326.4,3.06,79066,Petrol,Automatic,1,0.0,4,26.8,55220.9
Kia,6.51,2013,13,184.9,1.91,115628,Hybrid,Automatic,3,0.0,4,37.5,7573.18
Chevrolet,6.05,2023,3,328.0,0.0,33185,Electric,Manual,2,0.0,4,12.0,32323.23
Chevrolet,5.96,2012,14,200.6,3.5,95342,Hybrid,Automatic,1,0.0,4,30.9,12759.68
Hyundai,6.79,2023,3,150.6,1.06,30212,Diesel,Automatic,1,1.0,4,24.4,17307.05
Audi,8.56,2013,13,246.8,1.78,135922,Petrol,Manual,3,0.0,4,31.8,34653.71
Mercedes-Benz,9.38,2025,1,308.3,3.06,14092,Diesel,Automatic,1,,4,30.3,64479.42
Subaru,8.18,2010,16,142.7,3.68,245227,Diesel,Automatic,2,2.0,4,37.8,2500.0
Lexus,8.88,2014,12,260.2,0.0,152965,Electric,Automatic,1,0.0,2,12.0,43159.14
Subaru,7.48,2016,10,256.8,0.0,126815,Electric,Automatic,1,1.0,2,12.0,22460.53
Hyundai,6.56,2017,9,168.0,1.72,97526,Hybrid,Manual,1,1.0,4,41.8,10080.28
Tesla,9.42,2013,13,287.9,3.02,174855,Diesel,Automatic,2,1.0,4,23.9,44705.73
Mazda,7.35,2016,10,214.5,1.0,107946,Diesel,Automatic,1,0.0,4,36.8,17812.06
Ford,6.86,2011,15,125.8,3.83,161632,Diesel,Automatic,3,1.0,4,,4825.53
Tesla,8.87,2026,0,296.4,3.36,500,Hybrid,Automatic,2,0.0,4,39.7,67469.39
Toyota,8.45,2019,7,206.3,2.61,78699,Petrol,Automatic,2,1.0,4,25.3,23447.78
Ford,5.98,2014,12,178.6,1.88,181962,Diesel,Automatic,1,0.0,4,29.7,8135.48
Honda,7.81,2020,6,209.7,2.82,67878,Petrol,Automatic,4,0.0,2,31.0,23466.17
Kia,6.74,2014,12,178.3,,111292,Hybrid,Automatic,1,0.0,4,,16370.9
Chevrolet,5.98,2018,8,278.8,2.29,67093,Petrol,Automatic,1,2.0,4,30.2,17639.13
Kia,7.08,2013,13,184.0,3.26,165524,Diesel,Automatic,1,1.0,4,28.1,8452.02
Chevrolet,6.27,2020,6,139.0,3.25,69041,Petrol,Automatic,4,0.0,4,27.5,15960.15
Honda,8.12,2021,5,190.1,1.69,66077,Petrol,Automatic,1,1.0,4,33.1,21285.18
Volkswagen,7.5,2022,4,162.9,1.87,40020,Petrol,Automatic,1,0.0,4,23.9,27864.81
Subaru,7.32,2017,9,181.2,1.79,110719,Petrol,Automatic,3,1.0,4,31.3,16757.13
Hyundai,6.73,2012,14,156.4,2.08,117664,Diesel,Automatic,2,1.0,4,29.9,7093.43
Ford,6.52,2010,16,235.1,1.8,148876,Petrol,Automatic,1,1.0,4,25.5,5836.03
Mazda,6.91,2010,16,177.0,2.07,185683,Petrol,Automatic,3,2.0,4,,2844.3
Mazda,7.55,2013,13,235.9,2.33,174909,Petrol,Automatic,3,0.0,4,24.3,14757.5
Toyota,8.32,2015,11,217.5,2.03,83187,Hybrid,Automatic,1,1.0,4,37.0,22021.84
Volkswagen,7.11,2018,8,173.3,1.83,98529,Petrol,Manual,1,0.0,4,29.6,13068.69
Tesla,8.96,2017,9,250.8,3.0,93030,Petrol,Automatic,1,0.0,4,27.2,47447.5
Volkswagen,5.98,2022,4,146.2,3.02,70767,Petrol,Automatic,2,0.0,4,40.5,20276.23
Hyundai,6.74,2019,7,220.1,3.19,60093,Petrol,Automatic,2,1.0,4,18.7,20712.5
Hyundai,7.01,2019,7,198.6,2.96,39689,Petrol,Manual,1,0.0,4,31.4,16610.39
Volkswagen,6.81,2017,9,217.1,,107932,Petrol,Automatic,2,1.0,4,23.6,17453.77
Audi,8.17,2009,17,205.1,2.26,196493,Diesel,Manual,4,2.0,4,27.5,17060.08
Audi,8.3,2013,13,295.3,2.26,159435,Hybrid,Automatic,1,0.0,4,30.6,37303.56
Hyundai,6.69,2012,14,123.3,1.59,182167,Diesel,Automatic,2,2.0,4,26.5,2500.0
Subaru,7.54,2019,7,196.5,2.14,81108,Diesel,Automatic,1,1.0,4,35.2,24110.08
Chevrolet,5.33,2026,0,331.5,0.0,500,Electric,Manual,2,0.0,4,12.0,33235.99
Toyota,7.57,2015,11,388.2,0.0,79208,Electric,Automatic,2,0.0,2,12.0,32091.44
Mazda,7.35,2017,9,193.4,1.72,115966,Hybrid,Automatic,2,0.0,4,41.2,16249.16
Honda,7.25,2012,14,276.5,0.0,163333,Electric,Manual,1,0.0,4,12.0,11908.63
Audi,8.1,2018,8,206.1,2.44,90605,Hybrid,Automatic,2,0.0,4,37.7,41240.3
Ford,5.76,2016,10,156.0,1.48,101657,Diesel,Automatic,2,0.0,4,32.0,9598.56
Ford,5.9,2008,18,100.9,2.26,239052,Petrol,Automatic,1,1.0,4,24.7,2500.0
Mercedes-Benz,9.17,2016,10,298.1,5.38,123239,Petrol,Automatic,1,1.0,4,36.0,49135.81
Hyundai,7.1,2008,18,194.1,2.19,226583,Hybrid,Manual,2,1.0,4,40.1,2500.0
Mercedes-Benz,8.86,2016,10,260.3,2.18,101786,Petrol,Automatic,1,0.0,4,30.3,45417.9
Chevrolet,6.16,2010,16,179.3,2.94,248805,Petrol,Automatic,1,2.0,4,37.9,2500.0
Mazda,7.35,2015,11,276.3,0.0,88995,Electric,Manual,2,0.0,4,12.0,18439.58
Kia,6.53,2024,2,145.0,3.29,21486,Petrol,Manual,1,0.0,4,32.2,18474.48
Hyundai,7.1,2024,2,172.0,1.88,21816,Petrol,Automatic,1,0.0,4,33.1,20132.29
Mazda,7.11,2018,8,208.8,1.97,109842,Petrol,Manual,1,1.0,2,34.1,10543.39
Hyundai,6.74,2026,0,123.5,1.0,500,Petrol,Automatic,2,0.0,4,28.2,21923.6
Ford,6.86,2011,15,161.4,1.39,227703,Hybrid,Automatic,1,,2,38.1,2500.0
Toyota,8.25,2019,7,167.9,1.48,80632,Petrol,Automatic,2,0.0,4,30.5,21145.29
Lexus,9.2,2022,4,261.2,2.4,62560,Petrol,Automatic,2,0.0,4,26.9,47513.04
Honda,8.24,2021,5,167.7,3.23,39745,Petrol,Automatic,2,1.0,4,22.2,26318.19
BMW,8.76,2010,16,397.1,0.0,208037,Electric,Manual,1,1.0,4,12.0,35227.86
Nissan,7.0,2010,16,150.7,2.75,170920,Diesel,Automatic,2,0.0,4,15.7,3071.89
Ford,6.75,2026,0,141.0,1.18,500,Petrol,Manual,1,0.0,4,25.3,18461.15
Audi,8.22,2011,15,256.9,3.54,243589,Petrol,Manual,1,0.0,4,,27206.8
BMW,8.76,2015,11,235.6,4.99,131598,Petrol,Automatic,2,4.0,4,26.2,34180.09
Tesla,8.84,2008,18,263.7,4.02,148492,Hybrid,Automatic,3,0.0,4,40.8,42291.13
Honda,7.65,2026,0,139.1,2.6,571,Petrol,Manual,2,0.0,4,24.9,20683.5
Tesla,8.49,2018,8,298.7,4.17,101381,Hybrid,Automatic,1,0.0,4,37.0,56370.91
Kia,7.43,2025,1,243.7,2.2,9639,Diesel,Automatic,2,0.0,2,16.1,28272.51
Volkswagen,7.37,2021,5,209.9,2.4,58445,Petrol,Manual,1,0.0,4,26.1,22500.01
Hyundai,6.81,2022,4,173.0,2.72,30385,Petrol,Automatic,3,0.0,4,32.4,20236.36
Lexus,9.02,2025,1,279.0,2.81,15540,Petrol,Automatic,1,0.0,4,32.3,58422.24
Chevrolet,5.74,2021,5,135.7,1.57,42366,Petrol,Manual,3,0.0,4,24.3,9718.82
Toyota,8.41,2019,7,241.2,1.63,107176,Petrol,Automatic,3,0.0,4,22.4,18788.6
Mazda,7.2,2011,15,175.1,1.0,155130,Petrol,Manual,2,0.0,4,23.9,2500.0
Hyundai,6.16,2019,7,201.7,0.0,51640,Electric,Automatic,2,0.0,4,12.0,19382.37
BMW,9.11,2013,13,276.4,3.57,163108,Petrol,Automatic,1,0.0,4,20.9,42528.27
Chevrolet,6.33,2018,8,168.1,1.0,94323,Diesel,Manual,2,2.0,4,23.3,6863.83
Volkswagen,6.67,2015,11,227.8,2.05,126462,Petrol,Automatic,4,1.0,4,22.7,14778.37
Nissan,6.06,2020,6,190.7,2.1,70350,Petrol,Automatic,1,1.0,4,21.0,15070.27
Mazda,8.12,2024,2,140.4,2.3,32183,Petrol,Automatic,1,1.0,4,,21517.34
Hyundai,6.12,2025,1,184.4,1.14,15224,Diesel,Automatic,1,0.0,4,20.7,24248.31
BMW,8.43,2010,16,304.6,3.86,202973,Diesel,Automatic,3,1.0,4,,30572.63
Audi,9.26,2025,1,261.0,3.29,3930,Petrol,Manual,4,0.0,4,33.0,51776.26
Toyota,8.59,2010,16,196.7,1.78,167963,Diesel,Automatic,2,0.0,4,23.2,13412.6
Honda,8.33,2010,16,161.0,2.3,143076,Petrol,Automatic,1,0.0,4,38.7,8817.29
Chevrolet,6.77,2022,4,198.5,3.74,42243,Diesel,Automatic,2,0.0,4,30.3,22933.17
Hyundai,8.41,2025,1,200.7,2.07,4919,Diesel,Automatic,1,0.0,4,27.2,27045.74
Kia,6.58,2015,11,128.2,2.5,47822,Hybrid,Automatic,1,0.0,4,35.7,13668.48
Mercedes-Benz,8.46,2020,6,381.6,0.0,85941,Electric,Automatic,2,0.0,4,12.0,55179.59
Nissan,5.88,2013,13,151.1,2.45,118447,Petrol,Automatic,1,0.0,4,32.9,4560.02
Volkswagen,6.98,2021,5,172.7,2.31,71476,Hybrid,Manual,1,0.0,4,37.0,19094.99
Audi,8.8,2017,9,364.6,0.0,80315,Electric,Manual,1,0.0,4,12.0,46390.71
Kia,6.56,2017,9,194.6,1.13,88781,Petrol,Automatic,2,0.0,4,30.7,12406.79
Tesla,9.6,2009,17,237.2,3.66,243175,Diesel,Automatic,2,1.0,4,22.8,34277.93
Ford,5.82,2020,6,194.9,1.43,93274,Diesel,Manual,2,0.0,4,27.2,14346.45
Honda,7.68,2011,15,192.3,,220279,Hybrid,Automatic,4,0.0,4,35.9,8437.38
Tesla,8.63,2014,12,284.2,3.52,141731,Hybrid,Manual,1,2.0,4,32.1,40355.31
Kia,7.19,2019,7,184.6,1.71,66671,Petrol,Manual,1,0.0,4,27.0,14611.18
Volkswagen,6.7,2020,6,185.8,2.19,45290,Petrol,Automatic,2,0.0,4,22.1,22405.24
Kia,6.79,2017,9,193.8,3.93,136999,Hybrid,Automatic,1,1.0,4,36.1,14030.3
Toyota,8.84,2023,3,149.8,2.53,32488,Hybrid,Automatic,2,0.0,4,33.6,29132.19
Toyota,8.29,2015,11,166.8,2.78,152264,Petrol,Manual,3,0.0,4,28.0,9323.48
Hyundai,7.17,2020,6,155.8,1.57,82581,Diesel,Automatic,4,0.0,2,18.7,15491.74
Mazda,7.52,2025,1,173.4,2.17,8651,Petrol,Automatic,3,0.0,4,,27158.15
Chevrolet,6.8,2011,15,213.9,1.98,121935,Diesel,Automatic,2,1.0,4,29.2,7497.18
Mazda,6.79,2016,10,157.3,1.0,184363,Petrol,Automatic,3,0.0,4,29.2,8058.42
Lexus,8.89,2012,14,291.7,2.52,184614,Petrol,Automatic,1,1.0,4,28.1,41265.34
Hyundai,6.76,2026,0,223.7,1.45,922,Hybrid,Automatic,1,0.0,4,36.9,27751.8
Kia,6.45,2020,6,159.8,2.35,55265,Petrol,Automatic,2,0.0,4,28.9,17159.94
Mazda,6.63,2022,4,210.3,1.94,52416,Diesel,Manual,2,0.0,4,33.1,21454.83
Chevrolet,6.05,2018,8,187.0,2.83,97354,Petrol,Automatic,1,0.0,4,29.1,14181.39
Toyota,8.62,2011,15,205.5,2.52,223520,Diesel,Automatic,1,1.0,4,35.0,11250.4
Hyundai,7.6,2014,12,212.0,1.64,109457,Petrol,Automatic,4,1.0,4,25.3,10461.78
Nissan,6.3,2019,7,201.4,2.42,59545,Diesel,Manual,2,1.0,2,19.8,13986.06
Mercedes-Benz,8.49,2026,0,281.2,3.04,971,Hybrid,Automatic,1,0.0,2,34.7,58761.42
Honda,9.02,2016,10,193.7,2.48,117593,Petrol,Automatic,1,0.0,2,24.2,17529.22
Mazda,7.32,2013,13,171.2,1.0,152952,Petrol,Automatic,2,0.0,4,18.5,5536.78
Subaru,7.64,2020,6,192.1,1.62,69660,Petrol,Automatic,1,0.0,4,30.8,26205.25
Hyundai,6.92,2014,12,185.8,2.07,124891,Diesel,Automatic,1,1.0,4,32.7,11688.25
Kia,6.41,2024,2,245.4,2.07,26472,Petrol,Automatic,2,0.0,4,32.6,24867.3
Kia,7.0,2012,14,307.4,0.0,170877,Electric,Manual,2,0.0,4,12.0,7585.4
Ford,5.75,2010,16,192.6,1.0,279064,Diesel,Automatic,1,3.0,4,31.5,2500.0
Kia,6.27,2012,14,182.3,1.86,161184,Petrol,Automatic,2,0.0,2,32.1,3334.09
Audi,9.06,2008,18,235.9,4.46,192599,Hybrid,Manual,2,1.0,4,37.3,21887.91
Mercedes-Benz,9.01,2026,0,321.5,4.12,4081,Petrol,Automatic,1,0.0,4,35.0,64544.54
Subaru,7.3,2015,11,211.4,1.54,142457,Hybrid,Automatic,3,0.0,4,28.8,19147.17
Honda,8.15,2010,16,301.8,0.0,178594,Electric,Automatic,1,0.0,4,12.0,18772.05
Kia,6.45,2017,9,188.8,2.13,111299,Hybrid,Automatic,1,1.0,4,31.5,15723.78
Lexus,9.05,2020,6,272.1,1.2,59356,Hybrid,Automatic,2,0.0,4,49.4,51690.59
Honda,7.98,2024,2,168.8,2.41,21406,Hybrid,Automatic,3,0.0,4,44.0,26494.81
Ford,6.01,2011,15,180.3,2.84,150520,Petrol,Automatic,1,2.0,4,28.5,2693.62
Kia,6.37,2023,3,222.6,2.98,33960,Petrol,Automatic,4,1.0,4,29.6,18623.05
Lexus,9.09,2015,11,291.2,3.1,119376,Petrol,Automatic,1,0.0,4,28.0,42949.7
Tesla,8.59,2022,4,194.4,4.19,36689,Petrol,Automatic,2,0.0,4,25.6,52967.35
Chevrolet,6.06,2020,6,159.3,2.99,78276,Petrol,Automatic,1,0.0,4,25.5,16740.17
Volkswagen,7.38,2017,9,318.0,0.0,64468,Electric,Automatic,3,0.0,2,12.0,28297.55
Lexus,9.76,2019,7,347.5,2.25,68825,Petrol,Automatic,1,0.0,4,34.1,57179.77
Mazda,7.16,2009,17,203.0,2.57,191752,Hybrid,Automatic,1,2.0,4,40.1,7196.03
Subaru,7.42,2024,2,177.3,1.12,15521,Petrol,Manual,1,1.0,4,29.0,26481.83
Hyundai,7.07,2021,5,129.8,1.92,75683,Petrol,Automatic,1,1.0,2,22.8,13555.74
Subaru,8.12,2014,12,213.1,1.89,58571,Hybrid,Manual,3,,4,47.7,17649.95
Hyundai,7.18,2020,6,167.1,1.17,78390,Diesel,Automatic,1,1.0,2,25.4,17738.54
Hyundai,6.05,2012,14,196.5,1.92,125909,Hybrid,Automatic,1,1.0,2,32.9,10685.2
Nissan,7.12,2013,13,175.2,1.62,132564,Petrol,Automatic,2,1.0,4,34.5,6838.07
Tesla,9.74,2026,0,218.9,2.2,8124,Petrol,Automatic,2,0.0,4,31.9,56611.12
Hyundai,7.01,2014,12,211.9,1.89,162283,Petrol,Automatic,1,0.0,2,,11401.82
Nissan,6.21,2019,7,171.2,,95575,Diesel,Automatic,2,0.0,4,34.8,15979.49
Hyundai,5.79,2021,5,177.8,2.79,55697,Petrol,Automatic,1,0.0,4,32.8,15575.13
Volkswagen,7.2,2016,10,129.9,1.0,150239,Diesel,Automatic,1,2.0,4,26.3,8717.04
Kia,6.15,2012,14,189.7,1.07,113329,Diesel,Manual,2,0.0,4,30.3,3510.34
Volkswagen,7.08,2022,4,191.0,2.9,28926,Petrol,Manual,1,,2,35.1,24974.0
Kia,5.94,2022,4,131.9,3.01,43648,Petrol,Automatic,4,2.0,4,19.6,15094.65
Mazda,7.15,2015,11,199.7,3.04,123390,Petrol,Automatic,2,0.0,4,38.7,16125.49
Hyundai,6.37,2008,18,195.8,1.49,253429,Petrol,Automatic,1,0.0,4,20.8,2500.0
Hyundai,6.57,2013,13,288.8,0.0,108447,Electric,Automatic,4,0.0,4,12.0,14553.06
Mazda,7.49,2013,13,353.5,0.0,126720,Electric,Automatic,1,1.0,4,12.0,25141.2
Tesla,8.54,2024,2,312.9,1.34,32251,Diesel,Automatic,1,0.0,4,24.6,58008.26
Honda,8.09,2010,16,236.2,1.72,161361,Petrol,Automatic,2,0.0,4,19.1,11150.53
Hyundai,6.69,2020,6,212.3,1.69,78420,Petrol,Manual,3,0.0,4,30.6,12153.38
Chevrolet,6.15,2022,4,196.3,2.58,49028,Petrol,Automatic,2,0.0,4,23.9,21807.5
BMW,8.54,2018,8,298.8,2.48,103037,Petrol,Manual,1,0.0,4,25.7,44349.68
Mazda,7.23,2021,5,168.4,1.93,34824,Petrol,Manual,2,0.0,2,,17644.57
Nissan,6.5,2014,12,182.9,1.87,107137,Hybrid,Manual,3,0.0,4,44.4,7100.55
Ford,6.99,2010,16,171.2,3.16,148020,Petrol,Manual,1,0.0,4,25.5,9034.03
Toyota,8.48,2011,15,215.7,1.74,216995,Diesel,Automatic,3,1.0,4,24.9,8142.07
Kia,6.38,2021,5,121.0,1.09,30562,Petrol,Automatic,1,2.0,4,23.2,11693.51
Tesla,8.71,2010,16,268.6,2.54,230700,Hybrid,Automatic,1,2.0,4,30.9,38078.91
Subaru,7.4,2013,13,227.1,0.0,118944,Electric,Automatic,2,0.0,4,12.0,23009.0
Hyundai,6.99,2017,9,180.2,2.57,126519,Petrol,Automatic,1,0.0,4,27.9,12432.3
Chevrolet,6.14,2026,0,218.9,4.26,3148,Petrol,Automatic,1,0.0,2,19.9,28783.71
Volkswagen,7.02,2011,15,296.5,0.0,278157,Electric,Automatic,1,1.0,4,12.0,11247.34
Lexus,9.03,2010,16,193.3,0.0,124328,Electric,Automatic,2,1.0,4,12.0,32954.07
Ford,5.83,2011,15,130.9,1.22,195712,Hybrid,Automatic,3,1.0,4,37.7,2500.0
Nissan,6.35,2025,1,175.4,1.71,8210,Hybrid,Automatic,2,0.0,4,35.1,26488.2
Hyundai,7.12,2018,8,342.4,0.0,94508,Electric,Automatic,2,0.0,4,12.0,25671.29
Honda,8.55,2008,18,121.9,2.05,195402,Petrol,Automatic,2,1.0,2,24.2,2500.0
Mazda,7.06,2009,17,227.7,2.29,185210,Petrol,Automatic,1,1.0,4,26.2,6026.53
Honda,7.93,2026,0,117.9,1.0,500,Hybrid,Automatic,2,0.0,2,42.4,28862.23
Audi,8.53,2012,14,359.3,3.38,207211,Petrol,Automatic,1,1.0,4,29.9,37506.5
Volkswagen,8.07,2012,14,133.8,2.67,186353,Petrol,Automatic,1,0.0,4,32.4,9145.1
Subaru,7.07,2021,5,125.8,1.84,44063,Petrol,Manual,2,2.0,4,27.0,16038.04
Nissan,6.82,2023,3,201.3,2.32,31932,Petrol,Manual,1,0.0,4,22.2,18973.48
Mercedes-Benz,8.61,2021,5,276.4,0.0,66518,Electric,Automatic,2,0.0,4,12.0,50609.96
Tesla,9.11,2012,14,245.5,2.8,133095,Petrol,Automatic,2,1.0,4,31.0,40013.7
Lexus,9.26,2026,0,290.5,3.29,500,Petrol,Automatic,1,0.0,4,31.3,59516.9
Hyundai,7.25,2013,13,284.1,0.0,153724,Electric,Automatic,1,2.0,4,12.0,13731.79
Mercedes-Benz,9.29,2012,14,279.4,1.92,164173,Hybrid,Automatic,2,1.0,4,34.2,38235.83
Chevrolet,6.2,2021,5,208.0,1.8,65043,Petrol,Automatic,2,0.0,4,13.9,20628.12
Volkswagen,7.04,2013,13,167.9,1.6,143902,Diesel,Manual,3,0.0,4,29.0,5522.41
Toyota,7.88,2024,2,149.2,1.0,33072,Petrol,Automatic,1,0.0,4,28.0,24666.41
Mazda,7.69,2009,17,210.8,1.0,159953,Hybrid,Automatic,1,1.0,4,34.6,8790.91
Mazda,6.25,2016,10,174.5,0.0,113890,Electric,Automatic,1,0.0,4,12.0,14590.31
Chevrolet,6.58,2012,14,200.2,2.45,230898,Diesel,Automatic,3,1.0,4,28.5,4701.78
Hyundai,6.82,2014,12,195.3,1.54,160933,Petrol,Manual,3,1.0,4,27.8,4443.58
Audi,8.64,2011,15,318.2,3.71,235004,Hybrid,Automatic,1,0.0,4,45.8,39232.56
Ford,6.75,2018,8,186.9,1.03,83797,Petrol,Automatic,1,1.0,4,34.0,18146.49
Mazda,7.97,2018,8,185.1,2.0,108690,Petrol,Manual,1,0.0,2,26.2,15222.58
BMW,9.11,2010,16,234.8,2.3,128731,Petrol,Automatic,1,1.0,4,39.3,29388.74
Subaru,7.94,2023,3,169.9,2.87,36304,Hybrid,Automatic,3,0.0,4,42.8,31457.55
Ford,6.05,2019,7,129.0,2.0,107818,Hybrid,Automatic,3,0.0,4,37.5,13071.4
Hyundai,6.5,2019,7,128.8,2.23,39577,Petrol,Automatic,2,0.0,2,25.1,15118.87
Toyota,8.88,2023,3,178.2,3.2,51629,Hybrid,Automatic,1,0.0,4,34.5,30643.7
Ford,6.84,2020,6,142.9,1.85,87861,Petrol,Automatic,2,0.0,4,23.9,11989.01
Mazda,7.09,2009,17,127.2,1.89,151254,Petrol,Automatic,4,0.0,2,20.6,7431.9
Ford,6.3,2016,10,209.1,3.27,147787,Diesel,Automatic,2,1.0,2,30.2,11465.77
Tesla,9.19,2019,7,305.8,2.34,75823,Petrol,Automatic,1,0.0,2,33.5,56216.67
Chevrolet,6.08,2023,3,103.9,2.29,24702,Petrol,Automatic,1,0.0,4,22.3,19332.58
Chevrolet,5.47,2009,17,176.3,1.85,180303,Diesel,Manual,1,1.0,4,31.7,2500.0
Ford,6.47,2011,15,174.1,2.41,183810,Diesel,Manual,2,0.0,4,32.5,2639.86
Nissan,6.25,2011,15,206.8,2.16,103964,Diesel,Automatic,4,1.0,2,22.6,5193.21
BMW,8.46,2017,9,283.6,3.12,184018,Hybrid,Automatic,3,0.0,4,35.8,41307.69
Tesla,8.34,2018,8,253.9,2.93,108241,Petrol,Automatic,2,0.0,4,34.6,47406.87
Ford,6.49,2025,1,190.5,1.78,13125,Hybrid,Automatic,1,0.0,2,39.1,28145.99
Mercedes-Benz,9.03,2026,0,300.6,3.65,6385,Hybrid,Manual,3,0.0,4,35.6,61870.36
Mercedes-Benz,8.58,2010,16,197.4,2.57,274676,Petrol,Automatic,3,1.0,4,35.2,24179.73
Honda,8.21,2013,13,188.5,1.56,189516,Petrol,Manual,1,0.0,4,29.3,10751.79
Subaru,7.56,2008,18,136.5,1.96,276419,Petrol,Automatic,3,0.0,2,30.2,2500.0
Kia,6.7,2016,10,164.8,3.29,175020,Hybrid,Automatic,2,0.0,4,38.0,10446.97
Honda,8.46,2014,12,172.2,2.33,153368,Petrol,Automatic,3,0.0,4,24.0,10802.1
Subaru,7.71,2013,13,177.1,1.0,199343,Petrol,Automatic,2,0.0,4,,12199.8
Honda,7.89,2019,7,127.1,2.01,81485,Diesel,Automatic,3,0.0,4,26.3,18991.57
Mazda,7.73,2026,0,175.0,1.0,500,Petrol,Automatic,2,0.0,4,23.2,28620.97
Toyota,8.87,2012,14,203.8,2.21,205273,Diesel,Automatic,2,0.0,2,36.1,12409.57
Subaru,8.05,2020,6,174.5,2.12,58218,Petrol,Automatic,1,0.0,4,20.1,22737.32
Subaru,7.95,2012,14,311.4,0.0,195229,Electric,Automatic,2,0.0,4,12.0,20728.5
Audi,9.1,2008,18,258.4,3.0,180044,Petrol,Automatic,2,0.0,4,19.9,29295.58
Hyundai,6.41,2012,14,278.6,0.0,235187,Electric,Manual,1,1.0,4,12.0,4935.31
Volkswagen,7.0,2018,8,210.1,2.01,62011,Diesel,Automatic,1,0.0,4,30.1,21154.47
Volkswagen,6.7,2024,2,150.4,2.11,41891,Petrol,Automatic,1,0.0,4,36.6,28086.25
Hyundai,6.85,2025,1,133.5,1.85,9571,Diesel,Automatic,1,0.0,4,21.6,22071.17
Hyundai,6.6,2023,3,203.3,2.06,43774,Diesel,Manual,1,0.0,4,19.4,20269.8
Lexus,9.16,2008,18,225.9,2.93,335028,Petrol,Automatic,2,1.0,4,39.2,24835.94
Mazda,7.15,2018,8,155.9,2.56,49964,Hybrid,Automatic,1,1.0,2,42.0,17448.46
Subaru,7.77,2025,1,149.8,1.95,17433,Diesel,Automatic,3,0.0,4,27.0,33622.08
Honda,8.38,2017,9,158.8,2.71,132364,Diesel,Automatic,1,0.0,4,32.5,15878.97
Honda,8.18,2010,16,127.8,2.58,163364,Diesel,Automatic,2,0.0,2,27.7,6213.7
Tesla,9.33,2011,15,195.8,3.06,160993,Petrol,Automatic,1,1.0,2,25.6,38569.55
Nissan,6.37,2011,15,331.7,0.0,163675,Electric,Automatic,1,0.0,4,12.0,17005.76
Toyota,7.53,2017,9,233.0,1.44,109552,Hybrid,Manual,1,0.0,4,39.8,19989.8
Hyundai,6.81,2010,16,124.9,2.32,286773,Hybrid,Automatic,1,0.0,4,31.7,2500.0
Subaru,8.15,2008,18,182.4,2.57,272025,Petrol,Manual,4,0.0,4,25.7,2500.0
Nissan,6.38,2012,14,256.5,0.0,157803,Electric,Manual,3,0.0,4,12.0,7894.6
Hyundai,7.12,2020,6,157.5,1.02,81923,Diesel,Automatic,1,1.0,4,31.2,13315.94
Audi,8.39,2012,14,325.2,3.0,239212,Diesel,Automatic,1,1.0,4,25.9,36058.52
Volkswagen,7.51,2019,7,194.8,1.78,78610,Petrol,Automatic,2,0.0,4,26.1,20164.47
Ford,6.4,2013,13,199.9,2.88,130914,Petrol,Manual,1,1.0,4,24.7,6653.99
Toyota,8.1,2019,7,154.8,2.88,88940,Petrol,Automatic,1,0.0,4,33.4,19040.51
Nissan,6.26,2020,6,157.3,1.88,80451,Petrol,Automatic,1,1.0,4,21.1,15514.39
Mazda,7.94,2023,3,137.9,1.87,24823,Hybrid,Automatic,1,1.0,4,35.3,23799.87
Audi,7.69,2020,6,308.7,0.0,33893,Electric,Automatic,1,1.0,4,12.0,49520.27
Mazda,6.75,2010,16,161.7,3.53,223757,Diesel,Automatic,2,0.0,2,37.8,7371.05
Ford,6.23,2008,18,130.8,2.05,263189,Hybrid,Automatic,1,2.0,4,38.3,2500.0
Volkswagen,6.57,2020,6,171.9,1.0,62803,Hybrid,Automatic,1,0.0,4,38.7,23874.48
Kia,6.55,2012,14,130.6,1.0,78783,Petrol,Automatic,1,,4,22.9,4142.38
Subaru,7.85,2022,4,215.8,2.73,53111,Petrol,Automatic,3,1.0,4,25.7,28779.21
Mercedes-Benz,8.31,2021,5,228.5,2.65,53305,Petrol,Automatic,3,1.0,4,26.8,46285.07
Ford,6.6,2012,14,211.1,2.94,184744,Hybrid,Automatic,1,0.0,4,39.5,10638.81
Subaru,7.72,2015,11,399.7,0.0,115090,Electric,Automatic,2,2.0,2,12.0,31806.03
Chevrolet,6.65,2013,13,288.9,0.0,172741,Electric,Automatic,3,1.0,4,12.0,13487.69
Honda,7.94,2018,8,171.7,2.47,105928,Hybrid,Automatic,3,1.0,4,30.2,14852.92
Nissan,6.52,2011,15,144.5,2.73,193597,Petrol,Automatic,1,1.0,4,28.5,2500.0
Subaru,7.44,2019,7,231.7,1.0,109565,Petrol,Automatic,1,2.0,4,26.9,19001.6
Ford,6.79,2012,14,148.8,1.09,130745,Diesel,Automatic,1,0.0,4,25.2,7044.78
Nissan,6.17,2019,7,210.3,1.5,32251,Petrol,Automatic,4,0.0,4,24.4,16600.32
Mazda,6.71,2009,17,166.3,2.89,229871,Petrol,Automatic,2,0.0,2,34.6,3601.2
Honda,7.79,2010,16,259.4,0.0,222182,Electric,Automatic,2,0.0,4,12.0,14061.65
Subaru,7.69,2012,14,169.1,1.93,209170,Petrol,Automatic,2,0.0,4,34.7,9485.59
Toyota,8.77,2018,8,142.6,1.35,100067,Petrol,Manual,2,0.0,4,,15274.9
Honda,8.62,2016,10,194.3,1.0,128668,Petrol,Automatic,1,0.0,4,35.0,18061.64
Tesla,8.56,2026,0,286.5,3.4,500,Petrol,Automatic,1,0.0,4,26.7,64500.96
Lexus,9.31,2009,17,357.4,0.0,220614,Electric,Automatic,3,0.0,4,12.0,42602.84
Hyundai,6.53,2019,7,165.9,1.11,68923,Petrol,Manual,2,0.0,4,37.9,11377.22
Audi,8.38,2025,1,375.0,0.0,4572,Electric,Manual,1,0.0,4,12.0,59068.28
Subaru,7.9,2019,7,235.2,1.55,67595,Petrol,Automatic,4,0.0,4,27.7,25537.45
Lexus,9.51,2018,8,293.7,3.61,102439,Petrol,Automatic,1,0.0,4,30.1,48767.41
Hyundai,6.63,2014,12,289.9,0.0,92837,Electric,Manual,2,1.0,4,12.0,11531.15
Hyundai,6.71,2021,5,174.5,2.18,68263,Hybrid,Manual,2,0.0,4,36.3,13395.9
Audi,8.1,2022,4,346.4,2.79,56292,Petrol,Automatic,1,0.0,4,30.8,51940.75
Subaru,7.97,2013,13,298.0,0.0,184485,Electric,Automatic,4,0.0,4,12.0,19857.35
Kia,6.8,2013,13,222.9,1.0,55052,Diesel,Manual,3,0.0,4,28.4,9139.96
Hyundai,6.31,2014,12,168.6,1.35,112398,Petrol,Manual,1,0.0,4,21.7,5012.23
Ford,6.2,2013,13,184.7,2.17,161171,Petrol,Manual,1,1.0,2,29.2,7503.15
Subaru,7.88,2015,11,264.8,0.0,162703,Electric,Automatic,3,0.0,4,12.0,21208.24
Hyundai,7.06,2021,5,203.7,2.3,51948,Hybrid,Automatic,2,0.0,4,39.5,23009.73
Kia,7.02,2020,6,251.9,1.95,60809,Petrol,Automatic,1,0.0,4,29.8,22271.46
Audi,8.33,2011,15,327.6,4.64,198030,Petrol,Automatic,2,0.0,4,32.2,33621.71
Subaru,7.39,2026,0,227.4,2.3,500,Petrol,Automatic,2,0.0,2,25.3,31990.23
Toyota,9.06,2014,12,168.6,1.93,223897,Petrol,Automatic,3,1.0,4,32.4,8190.24
Chevrolet,6.48,2010,16,155.3,2.77,194672,Diesel,Manual,1,3.0,4,34.1,2500.0
Lexus,9.39,2017,9,291.0,2.97,159094,Petrol,Manual,2,0.0,4,30.0,44047.86
Mazda,6.71,2019,7,182.5,1.0,74657,Petrol,Automatic,2,0.0,4,29.7,15016.84
Ford,6.52,2026,0,178.2,1.0,500,Petrol,Automatic,1,0.0,4,,26384.11
Subaru,6.55,2010,16,174.4,1.05,277994,Petrol,Automatic,2,1.0,2,16.2,3065.48
BMW,9.46,2008,18,321.5,4.04,104019,Hybrid,Automatic,2,2.0,4,47.4,39670.32
Volkswagen,6.61,2022,4,199.3,3.23,31968,Petrol,Automatic,1,0.0,4,31.4,27675.64
Volkswagen,7.11,2024,2,200.1,2.15,18939,Petrol,Automatic,1,1.0,2,35.8,28191.27
Honda,8.13,2018,8,214.0,2.82,122849,Petrol,Manual,1,2.0,4,35.4,14254.75
Ford,6.81,2026,0,258.4,1.48,500,Diesel,Automatic,4,1.0,4,,28120.38
Mercedes-Benz,9.09,2021,5,324.4,3.39,36147,Petrol,Automatic,1,0.0,2,31.8,55304.73
Hyundai,6.37,2020,6,178.1,4.12,58490,Petrol,Manual,4,0.0,4,26.0,14079.93
Honda,8.32,2010,16,95.0,3.69,202503,Diesel,Automatic,1,0.0,4,29.4,7895.16
Toyota,8.21,2019,7,216.6,1.68,75839,Petrol,Automatic,2,,2,35.6,23936.06
Audi,8.35,2015,11,280.7,3.61,162239,Diesel,Manual,1,0.0,2,23.8,34975.24
Toyota,8.6,2009,17,195.6,1.01,211909,Petrol,Automatic,1,0.0,2,23.8,7679.0
Chevrolet,5.9,2013,13,130.3,1.0,133103,Diesel,Manual,2,0.0,4,30.0,2500.0
Ford,6.67,2015,11,230.9,1.63,87014,Petrol,Automatic,1,1.0,4,20.0,14993.77
BMW,8.63,2020,6,368.4,3.85,85683,Petrol,Automatic,3,0.0,2,29.3,52710.45
Toyota,8.94,2020,6,163.0,2.23,41559,Hybrid,Manual,1,0.0,4,33.6,25180.26
Toyota,8.39,2018,8,150.0,0.0,78609,Electric,Automatic,2,0.0,4,12.0,20305.97
Toyota,8.26,2019,7,167.9,2.07,69935,Hybrid,Manual,1,0.0,2,41.8,23075.48
Toyota,8.75,2013,13,245.6,1.79,107547,Diesel,Automatic,2,0.0,4,34.1,17217.24
Ford,7.37,2022,4,189.4,2.32,46018,Petrol,Automatic,4,0.0,4,26.5,21099.53
Kia,5.87,2008,18,184.3,1.79,142047,Hybrid,Automatic,1,2.0,4,34.0,2500.0
Kia,6.81,2020,6,213.9,2.23,38351,Hybrid,Manual,1,1.0,4,37.3,19799.66
Subaru,6.95,2009,17,111.5,2.55,242841,Hybrid,Automatic,1,1.0,4,39.7,5321.4
Chevrolet,6.04,2016,10,176.1,1.31,91602,Petrol,Automatic,4,1.0,4,24.9,11080.82
Ford,6.4,2018,8,156.2,1.04,127176,Diesel,Manual,4,0.0,4,26.2,6320.92
Hyundai,7.18,2013,13,193.7,2.35,156186,Petrol,Manual,4,1.0,2,,3652.54
Ford,6.58,2017,9,201.1,1.76,94624,Petrol,Automatic,1,1.0,4,19.8,12769.7
Honda,8.12,2014,12,188.4,1.38,95101,Petrol,Manual,3,0.0,4,26.9,11918.32
Ford,6.12,2008,18,212.4,1.19,254898,Petrol,Automatic,4,0.0,4,22.6,2500.0
Ford,6.41,2011,15,221.2,0.0,123139,Electric,Automatic,1,1.0,4,12.0,13250.33
Hyundai,7.0,2022,4,211.1,2.32,26793,Petrol,Automatic,1,0.0,2,21.1,22695.93
Kia,6.69,2022,4,182.8,2.32,37750,Petrol,Automatic,1,0.0,4,30.3,20551.43
Ford,6.08,2020,6,211.7,2.06,43492,Petrol,Manual,4,1.0,4,28.6,17717.74
Mazda,6.96,2019,7,225.9,1.05,89837,Diesel,Automatic,3,1.0,4,33.7,17678.7
Honda,8.4,2012,14,176.2,2.55,203710,Diesel,Automatic,1,0.0,4,31.5,9338.02
Mazda,7.07,2008,18,242.3,1.4,168204,Petrol,Automatic,1,1.0,4,33.8,6976.26
Tesla,8.19,2018,8,235.4,2.33,41396,Diesel,Automatic,4,0.0,4,30.5,47289.98
Honda,8.31,2008,18,183.7,3.94,159438,Diesel,Automatic,4,0.0,4,33.0,9637.23
Kia,6.75,2010,16,185.2,1.65,236148,Hybrid,Automatic,1,0.0,4,40.4,2500.0
Ford,6.65,2021,5,178.8,3.29,54713,Petrol,Automatic,2,0.0,2,28.3,19413.36
Subaru,7.77,2014,12,218.6,1.99,133120,Diesel,Automatic,1,0.0,4,25.6,19001.36
Kia,6.38,2014,12,220.0,2.41,212270,Petrol,Manual,4,0.0,4,34.6,4779.53
Subaru,7.73,2020,6,196.2,2.52,62311,Petrol,Manual,2,0.0,4,21.4,25233.27
Chevrolet,6.04,2024,2,180.6,1.57,27915,Hybrid,Automatic,3,0.0,2,39.1,24422.09
Nissan,6.58,2019,7,150.4,3.79,79056,Petrol,Automatic,1,0.0,4,30.2,13498.36
Chevrolet,6.52,2023,3,199.2,1.0,69260,Petrol,Automatic,1,0.0,4,22.5,18889.72
Nissan,6.79,2018,8,178.3,2.07,90001,Petrol,Automatic,2,0.0,4,30.9,16031.0
Chevrolet,6.08,2011,15,235.7,1.31,190212,Petrol,Automatic,2,0.0,4,20.2,5877.93
Hyundai,6.27,2023,3,217.3,2.75,25098,Petrol,Automatic,2,1.0,4,28.9,24276.89
Lexus,9.05,2018,8,206.4,3.7,115864,Petrol,Automatic,2,1.0,4,20.9,41718.55
Subaru,7.81,2023,3,167.7,1.56,30491,Diesel,Manual,2,2.0,4,24.3,21498.4
Ford,5.96,2015,11,167.4,2.07,165898,Petrol,Manual,1,0.0,4,26.7,5188.03
Subaru,7.62,2010,16,184.4,1.41,237989,Hybrid,Automatic,1,0.0,4,35.2,10129.42
Hyundai,7.03,2008,18,223.5,2.45,312625,Petrol,Automatic,1,1.0,4,,2500.0
Ford,6.71,2014,12,294.9,0.0,122966,Electric,Manual,1,0.0,4,12.0,15286.8
BMW,8.03,2024,2,291.1,2.35,15241,Petrol,Automatic,3,0.0,4,35.6,51633.84
Audi,8.36,2009,17,276.7,4.12,333852,Diesel,Automatic,1,0.0,4,28.7,27085.56
Nissan,6.52,2026,0,133.7,1.0,500,Hybrid,Automatic,1,1.0,4,32.0,22839.65
Toyota,8.89,2017,9,156.1,1.62,78023,Diesel,Automatic,2,1.0,2,33.3,17127.38
Lexus,8.76,2026,0,234.5,3.57,6373,Diesel,Automatic,2,0.0,4,29.6,53687.45
Honda,8.41,2015,11,154.0,1.59,74226,Diesel,Manual,1,1.0,4,30.2,12858.84
Hyundai,6.54,2010,16,171.1,2.17,194473,Diesel,Automatic,1,0.0,4,42.1,2635.36
Hyundai,6.41,2019,7,225.8,1.19,90601,Petrol,Automatic,2,0.0,4,34.3,15436.3
Toyota,8.84,2013,13,194.2,1.0,150430,Petrol,Automatic,1,0.0,4,28.8,16751.85
Tesla,9.48,2011,15,317.9,2.9,122887,Petrol,Automatic,1,2.0,4,28.0,45902.55
Subaru,7.65,2009,17,186.2,1.0,216620,Petrol,Manual,1,1.0,4,30.3,2779.96
Mazda,8.11,2010,16,206.2,3.08,111010,Petrol,Automatic,1,1.0,2,34.4,14663.97
Chevrolet,5.86,2009,17,182.2,3.47,186333,Petrol,Automatic,3,0.0,4,33.5,2500.0
Lexus,9.14,2013,13,373.0,3.42,155093,Petrol,Automatic,2,0.0,2,27.6,42851.66
Honda,8.3,2020,6,182.9,1.71,57940,Diesel,Manual,2,0.0,4,40.1,20175.85
Subaru,7.43,2022,4,150.9,2.48,36925,Petrol,Automatic,4,0.0,4,29.0,27453.34
Subaru,7.81,2021,5,236.5,1.93,67546,Petrol,Manual,1,0.0,4,30.1,25921.89
Chevrolet,5.6,2017,9,184.9,1.68,186060,Hybrid,Manual,2,0.0,4,39.7,8162.92
Honda,8.21,2012,14,184.8,2.16,191317,Petrol,Automatic,2,0.0,4,19.1,12026.68
Subaru,7.09,2008,18,183.0,1.72,203442,Hybrid,Automatic,1,0.0,4,41.9,7876.56
Mazda,7.41,2024,2,176.1,2.59,14066,Diesel,Automatic,2,0.0,4,20.7,28863.04
Mazda,7.76,2026,0,180.9,2.21,500,Petrol,Automatic,1,0.0,4,22.4,31100.36
Hyundai,7.1,2020,6,212.0,2.32,79809,Petrol,Automatic,1,1.0,4,17.6,21294.06
Kia,7.1,2014,12,119.0,2.18,126574,Petrol,Automatic,2,,4,30.5,7768.24
Honda,7.46,2021,5,141.7,2.08,69818,Hybrid,Manual,1,0.0,4,40.8,17689.77
Mercedes-Benz,8.98,2021,5,428.6,0.0,34046,Electric,Manual,4,0.0,4,12.0,63500.35
Tesla,8.98,2011,15,244.3,4.34,148297,Petrol,Automatic,1,0.0,4,21.7,39237.15
Subaru,7.63,2018,8,163.4,1.67,112276,Diesel,Automatic,1,0.0,4,27.8,17410.41
Volkswagen,7.01,2011,15,196.7,1.17,252565,Diesel,Automatic,2,1.0,4,19.4,3805.28
Ford,6.62,2015,11,305.0,0.0,147996,Electric,Manual,3,0.0,4,12.0,14637.39
Chevrolet,6.0,2022,4,335.4,0.0,53950,Electric,Automatic,3,0.0,4,12.0,28713.07
Honda,8.27,2008,18,167.8,1.61,175526,Petrol,Automatic,1,0.0,4,22.4,8155.98
Kia,6.65,2015,11,162.5,1.63,111573,Petrol,Automatic,2,0.0,4,19.7,8650.34
Toyota,8.08,2021,5,187.8,1.62,48369,Petrol,Automatic,1,,2,35.5,26562.01
Mazda,6.89,2017,9,194.7,1.11,115273,Hybrid,Automatic,2,0.0,4,38.4,14111.07
Toyota,8.52,2024,2,234.0,1.0,28755,Petrol,Automatic,1,0.0,4,24.9,30024.9
Audi,8.28,2026,0,260.8,2.88,500,Petrol,Automatic,1,0.0,4,17.7,54379.46
Hyundai,6.43,2017,9,157.4,1.71,140256,Petrol,Automatic,1,1.0,4,30.7,7183.4
Volkswagen,7.0,2018,8,154.3,1.84,90544,Hybrid,Automatic,1,0.0,2,39.8,18494.85
Subaru,7.38,2026,0,190.5,3.32,2668,Petrol,Automatic,2,1.0,2,23.5,34255.42
Chevrolet,6.11,2011,15,220.2,1.0,141449,Petrol,Automatic,4,0.0,4,29.7,5744.23
Chevrolet,5.35,2025,1,191.3,1.49,3129,Petrol,Automatic,1,0.0,4,28.6,20672.53
Toyota,8.86,2008,18,181.8,2.26,332215,Petrol,Automatic,2,1.0,4,28.7,2835.17
Audi,9.09,2020,6,242.5,0.0,72096,Electric,Manual,2,0.0,2,12.0,44954.72
Subaru,7.75,2017,9,237.8,2.18,128253,Hybrid,Automatic,3,0.0,4,37.1,22808.49
Subaru,7.31,2026,0,138.2,2.56,500,Diesel,Automatic,2,0.0,4,22.1,29739.63
Hyundai,6.92,2020,6,166.1,2.13,81459,Petrol,Automatic,2,0.0,4,28.7,17164.19
Ford,6.37,2010,16,147.3,2.52,119911,Diesel,Automatic,1,0.0,2,31.6,7372.4
Audi,8.52,2013,13,254.1,3.32,142109,Petrol,Automatic,1,0.0,4,31.6,35608.34
Honda,7.49,2019,7,153.0,1.0,72906,Diesel,Automatic,2,1.0,4,27.5,16480.38
Subaru,7.32,2012,14,174.5,2.83,124436,Hybrid,Automatic,1,0.0,4,38.9,12892.95
Mazda,7.34,2021,5,160.1,2.13,57254,Petrol,Automatic,1,0.0,2,32.3,19439.72
Honda,8.92,2025,1,197.4,1.53,7471,Petrol,Manual,2,1.0,4,21.6,26201.29
Audi,8.69,2020,6,229.1,2.59,56489,Hybrid,Automatic,1,0.0,4,37.8,45619.87
Honda,7.88,2025,1,188.9,3.88,8396,Hybrid,Automatic,1,0.0,4,38.1,35286.23
Hyundai,6.73,2013,13,151.4,1.9,186299,Petrol,Automatic,1,0.0,4,26.9,6038.34
Subaru,7.17,2019,7,177.9,3.49,95701,Hybrid,Automatic,2,0.0,4,37.9,25850.05
Nissan,6.84,2014,12,197.4,1.96,118963,Petrol,Automatic,2,0.0,4,23.7,8380.98
Chevrolet,6.52,2024,2,233.3,0.0,20315,Electric,Automatic,2,0.0,4,12.0,28519.16
Mazda,7.72,2013,13,222.2,2.23,223298,Petrol,Automatic,1,0.0,4,27.8,11928.91
Chevrolet,6.19,2008,18,95.0,,165922,Petrol,Automatic,1,1.0,4,32.1,2500.0
Honda,8.24,2015,11,192.8,1.54,122223,Diesel,Manual,1,0.0,4,28.4,14383.19
Mazda,7.4,2011,15,192.5,2.18,170652,Petrol,Automatic,2,,4,33.7,11048.3
Mazda,7.48,2010,16,250.8,1.57,297797,Petrol,Manual,1,2.0,2,27.1,2500.0
Subaru,8.77,2017,9,231.5,1.0,127881,Hybrid,Manual,2,0.0,2,38.5,20489.31
Chevrolet,6.16,2022,4,206.6,1.95,63993,Diesel,Automatic,3,0.0,4,19.5,22917.47
Nissan,6.62,2017,9,220.0,2.6,133539,Diesel,Manual,1,0.0,4,26.9,8731.25
Mazda,7.19,2018,8,147.8,2.52,87570,Petrol,Automatic,1,1.0,2,22.3,15089.07
Audi,8.83,2023,3,270.8,3.67,26202,Diesel,Manual,2,0.0,4,34.7,53635.78
Toyota,8.1,2026,0,175.0,1.83,13009,Petrol,Automatic,2,0.0,2,25.1,32300.7
Toyota,8.04,2010,16,172.6,2.95,212113,Petrol,Automatic,1,0.0,4,23.9,8519.02
Audi,8.2,2025,1,228.8,2.79,8605,Hybrid,Automatic,1,0.0,4,37.6,53607.02
Kia,7.25,2023,3,242.0,2.12,23622,Petrol,Automatic,1,1.0,4,33.7,26697.35
Toyota,7.75,2012,14,146.1,3.2,197257,Petrol,Automatic,1,0.0,4,26.6,6519.68
Honda,7.51,2013,13,212.5,1.0,136202,Hybrid,Automatic,2,1.0,2,33.5,13162.8
Hyundai,6.66,2010,16,125.4,1.59,224724,Diesel,Automatic,3,2.0,2,29.2,2500.0
Toyota,8.5,2022,4,164.4,2.23,75463,Hybrid,Automatic,2,0.0,4,35.5,27649.15
Chevrolet,6.2,2018,8,200.3,2.78,117859,Hybrid,Manual,1,1.0,4,38.8,12098.26
Toyota,8.19,2026,0,194.1,1.93,500,Diesel,Automatic,2,0.0,4,24.6,32343.96
Kia,6.08,2008,18,162.3,2.93,256550,Petrol,Manual,2,,4,29.3,2500.0
Lexus,8.65,2010,16,217.5,3.12,127111,Hybrid,Automatic,2,0.0,4,28.6,38401.54
Chevrolet,6.48,2018,8,159.3,1.96,83114,Petrol,Automatic,4,0.0,4,19.9,14532.78
Subaru,7.66,2015,11,202.9,2.23,127493,Hybrid,Automatic,1,0.0,4,35.8,19773.3
Nissan,6.1,2023,3,148.4,1.0,31983,Petrol,Manual,1,0.0,2,28.0,19303.28
Ford,6.61,2008,18,145.5,1.33,293178,Petrol,Automatic,1,0.0,4,30.3,2500.0
Ford,6.21,2011,15,222.5,3.34,183824,Hybrid,Automatic,2,0.0,4,,9316.4
Audi,8.47,2023,3,262.3,3.73,50846,Hybrid,Automatic,3,0.0,4,36.8,52710.84
Mazda,7.54,2014,12,109.0,1.73,185162,Petrol,Automatic,2,0.0,4,25.1,5359.26
Subaru,6.95,2013,13,215.7,2.43,131261,Petrol,Manual,1,0.0,4,32.4,11155.09
Audi,8.49,2012,14,276.5,3.05,125172,Diesel,Automatic,1,1.0,4,24.2,37375.13
Ford,6.06,2024,2,214.0,1.87,24816,Hybrid,Automatic,2,1.0,4,40.7,25794.39
Tesla,8.86,2020,6,322.1,0.0,22620,Electric,Manual,4,0.0,4,12.0,55305.77
Mazda,7.92,2023,3,174.5,2.04,33638,Diesel,Automatic,3,2.0,4,33.4,21174.48
Honda,8.12,2016,10,196.4,2.55,128135,Petrol,Automatic,1,0.0,4,31.6,16639.29
Toyota,8.62,2010,16,140.1,2.33,171658,Petrol,Automatic,1,0.0,4,24.2,13115.37
Hyundai,6.33,2019,7,150.5,2.8,68588,Petrol,Automatic,3,1.0,4,19.4,11036.67
Audi,9.5,2011,15,351.9,4.1,145369,Petrol,Automatic,1,0.0,4,19.7,43008.68
Chevrolet,6.08,2018,8,162.4,1.55,102520,Petrol,Automatic,2,2.0,4,26.8,12732.25
Chevrolet,5.74,2014,12,207.6,1.67,128600,Hybrid,Automatic,4,2.0,2,36.7,7630.44
Nissan,5.79,2020,6,130.9,1.44,78591,Petrol,Automatic,1,0.0,4,34.8,13759.93
Chevrolet,5.74,2025,1,162.9,1.97,4496,Petrol,Manual,4,0.0,4,18.9,19905.46
Volkswagen,7.35,2015,11,221.9,1.0,156741,Diesel,Manual,1,0.0,4,30.1,8520.29
Subaru,7.92,2011,15,184.4,2.1,132262,Hybrid,Automatic,1,1.0,4,30.8,15899.72
Honda,8.4,2013,13,142.1,3.25,182269,Diesel,Automatic,1,1.0,4,27.1,12702.86
Toyota,8.51,2009,17,257.7,0.0,179562,Electric,Automatic,1,0.0,4,12.0,14936.64
Honda,8.16,2016,10,227.2,,124883,Petrol,Automatic,1,0.0,4,26.4,18493.59
BMW,8.58,2008,18,251.6,4.13,188249,Hybrid,Automatic,3,0.0,4,38.0,32644.44
Ford,6.01,2010,16,130.0,1.47,215401,Diesel,Manual,2,0.0,4,33.2,2500.0
Honda,7.55,2016,10,154.3,2.49,146859,Diesel,Automatic,2,1.0,4,20.5,14658.43
Ford,6.36,2009,17,219.1,1.56,115291,Petrol,Automatic,1,1.0,4,30.7,5395.53
Volkswagen,6.4,2010,16,226.9,1.02,125043,Petrol,Automatic,2,0.0,2,27.3,13278.43
Hyundai,6.34,2008,18,159.6,2.33,229829,Petrol,Manual,3,0.0,4,25.4,2500.0
Nissan,6.32,2012,14,145.6,1.02,180549,Petrol,Automatic,2,0.0,4,40.7,3894.18
BMW,8.59,2022,4,165.6,3.95,54720,Petrol,Automatic,2,0.0,4,28.4,47001.24
Audi,8.93,2026,0,290.1,0.0,5397,Electric,Automatic,2,0.0,4,14.8,56160.92
Nissan,6.7,2024,2,149.2,2.16,27502,Hybrid,Manual,1,0.0,4,37.6,21287.76
Mercedes-Benz,9.07,2008,18,276.1,2.29,208810,Hybrid,Automatic,2,0.0,4,34.7,35371.45
Ford,6.53,2015,11,212.0,,192984,Diesel,Automatic,2,0.0,4,25.6,10023.4
Chevrolet,5.61,2008,18,142.2,2.0,210670,Petrol,Automatic,2,1.0,4,23.2,2500.0
Ford,6.57,2021,5,172.6,3.56,35240,Petrol,Automatic,1,0.0,2,34.9,18321.25
Ford,7.09,2020,6,207.4,2.38,41480,Hybrid,Automatic,1,0.0,2,39.9,23345.06
Kia,6.82,2014,12,162.1,3.05,173680,Petrol,Automatic,1,1.0,4,16.8,6149.31
Ford,6.1,2022,4,126.9,1.0,44040,Diesel,Automatic,1,0.0,4,32.8,16626.09
Hyundai,6.5,2020,6,177.1,1.46,53365,Diesel,Automatic,3,1.0,4,32.0,17091.03
Volkswagen,6.88,2011,15,231.3,2.44,197558,Petrol,Automatic,1,0.0,4,29.8,12748.0
Nissan,6.57,2024,2,180.7,2.8,42031,Petrol,Automatic,2,1.0,4,33.8,21161.03
Nissan,6.32,2017,9,163.6,2.4,87760,Diesel,Automatic,1,0.0,4,25.1,13531.0
Nissan,5.82,2008,18,183.8,1.69,204721,Diesel,Automatic,2,0.0,4,25.0,2500.0
Toyota,8.63,2015,11,148.3,2.91,108381,Diesel,Automatic,4,0.0,4,28.9,14917.7
Tesla,9.11,2009,17,265.1,3.74,226827,Petrol,Automatic,1,0.0,4,24.4,37059.6
Mercedes-Benz,9.29,2021,5,256.7,2.87,60958,Petrol,Automatic,2,0.0,4,35.8,52087.66
Ford,6.49,2015,11,228.0,1.68,53559,Petrol,Automatic,2,1.0,4,41.1,14292.34
BMW,9.1,2019,7,252.0,2.9,64226,Petrol,Manual,1,0.0,4,27.7,45320.97
Chevrolet,5.96,2010,16,172.7,1.68,301224,Petrol,Automatic,1,0.0,4,18.2,2500.0
Mazda,7.38,2015,11,191.1,1.95,168656,Hybrid,Automatic,1,0.0,4,28.5,12078.92
Mazda,7.26,2024,2,163.3,2.25,16016,Petrol,Automatic,2,0.0,4,20.6,24685.89
Nissan,6.09,2016,10,155.5,2.03,106377,Diesel,Automatic,1,0.0,4,36.3,8976.45
Volkswagen,7.22,2017,9,209.2,1.94,107628,Petrol,Automatic,3,1.0,4,26.0,15520.68
Subaru,7.08,2024,2,354.2,0.0,22612,Electric,Manual,2,0.0,4,12.0,37814.89
Lexus,9.56,2016,10,280.5,2.56,115895,Petrol,Automatic,1,2.0,2,25.6,43060.86
BMW,8.73,2013,13,324.5,2.14,208907,Hybrid,Automatic,4,0.0,2,28.6,37911.89
Subaru,7.6,2025,1,213.5,3.3,17376,Petrol,Automatic,1,0.0,4,34.9,35463.88
Chevrolet,6.32,2020,6,244.0,3.07,59685,Hybrid,Automatic,2,2.0,4,39.2,23343.27
BMW,8.5,2026,0,277.7,,500,Diesel,Automatic,2,0.0,4,23.2,53780.97
Nissan,6.93,2011,15,150.5,1.65,148670,Hybrid,Automatic,3,1.0,4,34.2,3163.44
Toyota,8.75,2024,2,200.4,1.41,21885,Petrol,Automatic,1,0.0,2,28.8,32990.49
Subaru,7.63,2014,12,135.0,1.0,147842,Diesel,Automatic,2,0.0,4,31.4,12155.03
Chevrolet,6.94,2026,0,166.4,2.87,500,Diesel,Automatic,1,0.0,4,34.0,20506.73
Mazda,7.38,2008,18,179.0,2.43,251261,Petrol,Automatic,3,2.0,4,33.0,2500.0
Mazda,7.74,2012,14,161.2,3.63,82901,Petrol,Manual,1,1.0,4,26.5,9744.34
Volkswagen,7.11,2008,18,191.7,1.3,235451,Hybrid,Manual,3,1.0,4,29.2,2500.0
Chevrolet,6.4,2019,7,177.7,2.49,74855,Diesel,Manual,1,1.0,4,27.0,14982.69
Audi,8.15,2019,7,389.2,0.0,121840,Electric,Automatic,3,1.0,4,12.0,47863.82
Volkswagen,6.91,2022,4,234.9,1.92,71394,Petrol,Automatic,2,1.0,2,17.6,22726.39
Nissan,6.77,2012,14,204.2,1.79,192440,Hybrid,Automatic,3,2.0,4,41.1,6219.58
Volkswagen,7.24,2014,12,176.7,2.62,140609,Petrol,Automatic,2,0.0,2,28.9,12908.92
Hyundai,6.82,2026,0,161.5,2.94,7082,Hybrid,Manual,1,1.0,4,39.8,17186.43
Lexus,9.47,2008,18,224.0,0.0,246482,Electric,Automatic,1,0.0,2,12.0,33622.22
Hyundai,6.12,2013,13,139.9,2.12,146101,Petrol,Manual,4,0.0,4,23.3,2500.0
Volkswagen,7.63,2008,18,204.1,1.62,176275,Hybrid,Manual,2,1.0,4,37.3,3941.61
Kia,6.9,2026,0,209.7,2.47,4461,Petrol,Automatic,2,0.0,4,31.9,25112.56
Hyundai,6.28,2020,6,176.8,1.77,46904,Petrol,Automatic,1,0.0,4,31.2,17422.17
Chevrolet,5.86,2012,14,166.1,1.88,198590,Petrol,Automatic,3,0.0,4,24.5,2500.0
Mazda,7.94,2026,0,191.1,1.74,500,Petrol,Automatic,2,0.0,4,34.4,31007.6
Ford,7.45,2024,2,142.4,1.83,15523,Hybrid,Automatic,1,0.0,4,40.5,26417.0
Hyundai,6.75,2009,17,182.9,1.87,269724,Petrol,Manual,2,0.0,4,30.2,2500.0
Tesla,8.91,2025,1,241.2,3.45,19038,Petrol,Manual,3,2.0,4,33.0,51430.56
Honda,8.51,2010,16,146.2,2.13,227341,Petrol,Automatic,1,1.0,2,26.9,3282.96
Kia,6.01,2020,6,194.5,1.44,76958,Diesel,Automatic,2,0.0,4,22.8,15172.06
Chevrolet,6.24,2016,10,229.1,2.49,120472,Diesel,Automatic,2,0.0,2,33.9,14912.1
Honda,7.52,2020,6,111.9,3.45,63233,Diesel,Automatic,3,0.0,4,20.0,20486.28
Hyundai,7.01,2015,11,208.7,2.01,122812,Petrol,Automatic,1,1.0,4,28.0,12220.98
Nissan,5.7,2012,14,314.5,0.0,123599,Electric,Automatic,2,0.0,4,12.0,14161.66
Hyundai,7.04,2019,7,214.4,1.59,87074,Diesel,Automatic,1,0.0,4,30.9,18531.33
Honda,8.38,2018,8,169.1,1.53,107551,Petrol,Manual,2,1.0,4,23.3,15549.66
BMW,8.54,2016,10,310.9,3.47,44107,Hybrid,Automatic,2,1.0,4,39.4,42404.02
Lexus,8.33,2023,3,270.3,4.57,39228,Diesel,Manual,4,1.0,4,26.3,50960.93
Nissan,6.22,2020,6,216.9,1.27,100168,Petrol,Manual,4,0.0,4,27.3,14254.63
Honda,7.75,2011,15,148.0,2.19,157606,Petrol,Manual,4,3.0,4,31.4,2500.0
Volkswagen,7.16,2013,13,197.8,2.34,122238,Petrol,Manual,2,1.0,4,26.8,10345.06
Volkswagen,6.57,2015,11,139.4,2.36,122691,Petrol,Automatic,4,1.0,4,35.0,6116.06
Ford,6.34,2021,5,218.7,2.76,51653,Petrol,Automatic,2,1.0,4,26.4,21099.88
Kia,6.4,2012,14,226.0,1.86,162917,Petrol,Automatic,2,1.0,4,24.0,3478.51
Audi,8.03,2025,1,334.6,2.87,12743,Petrol,Automatic,1,0.0,4,25.2,54495.09
Mazda,7.53,2024,2,331.6,0.0,3651,Electric,Manual,2,0.0,4,12.0,35919.61
BMW,8.31,2017,9,259.4,2.98,162385,Petrol,Manual,2,1.0,4,28.7,34061.38
Chevrolet,5.54,2014,12,176.0,2.22,217790,Diesel,Automatic,1,1.0,4,28.1,2562.94
Kia,6.74,2019,7,174.1,1.84,117347,Hybrid,Automatic,1,0.0,4,42.3,14484.38
Lexus,9.45,2026,0,251.5,2.71,6965,Diesel,Automatic,3,0.0,4,29.4,59570.59
Audi,9.18,2010,16,314.7,2.86,187320,Petrol,Manual,1,1.0,4,25.3,32045.38
Ford,6.3,2015,11,147.9,2.81,169055,Diesel,Manual,1,1.0,4,20.9,3578.74
Hyundai,6.77,2018,8,147.0,1.0,148310,Diesel,Automatic,1,1.0,4,18.8,7833.73
Subaru,7.3,2023,3,188.5,1.0,42109,Diesel,Automatic,2,0.0,4,30.6,28093.0
Kia,6.23,2017,9,184.1,1.32,120164,Hybrid,Manual,3,0.0,4,40.4,9866.14
Hyundai,6.78,2025,1,241.9,2.84,7364,Petrol,Automatic,2,0.0,4,33.3,29755.55
Subaru,7.58,2023,3,159.6,1.0,19570,Petrol,Automatic,3,1.0,4,27.3,24853.64
Mercedes-Benz,9.04,2016,10,285.3,2.04,142501,Petrol,Automatic,1,0.0,4,35.1,44979.96
Toyota,8.24,2010,16,184.0,1.53,197281,Petrol,Automatic,1,2.0,4,31.5,4146.62
Hyundai,6.66,2023,3,231.6,2.12,48173,Hybrid,Automatic,2,1.0,4,37.2,25919.78
Hyundai,6.56,2024,2,157.7,1.37,24330,Diesel,Automatic,1,0.0,4,36.3,21695.44
Nissan,7.04,2016,10,209.2,1.7,85005,Petrol,Automatic,1,0.0,4,33.0,16510.87
Honda,8.21,2024,2,166.7,1.96,16527,Diesel,Manual,3,0.0,4,22.0,24177.19
Volkswagen,6.59,2014,12,175.2,2.06,133279,Hybrid,Automatic,2,2.0,4,44.1,10547.33
Mercedes-Benz,9.28,2022,4,356.8,2.52,51290,Hybrid,Automatic,1,0.0,4,39.0,61572.75
Honda,8.05,2017,9,190.3,2.07,168307,Petrol,Automatic,2,0.0,4,21.8,12598.73
Subaru,7.57,2015,11,215.4,2.44,146800,Hybrid,Automatic,1,0.0,4,43.3,23973.31
Audi,8.36,2022,4,322.3,0.0,57173,Electric,Automatic,2,0.0,2,12.0,55822.07
Kia,6.65,2022,4,139.2,2.15,46672,Petrol,Automatic,1,1.0,4,27.7,17627.32
Tesla,9.0,2010,16,320.1,3.43,183684,Diesel,Automatic,1,1.0,4,22.7,39645.8
Audi,8.35,2014,12,268.1,2.58,170268,Hybrid,Manual,3,0.0,4,46.8,35092.94
Honda,8.37,2008,18,197.1,2.21,243630,Petrol,Manual,1,0.0,4,21.9,6429.03
Ford,6.64,2024,2,172.3,1.7,29808,Petrol,Manual,2,0.0,4,27.4,23526.81
Toyota,7.65,2026,0,221.9,2.31,500,Diesel,Automatic,1,0.0,4,28.8,32209.14
Ford,6.13,2022,4,225.6,1.95,29775,Petrol,Manual,1,1.0,4,30.4,20305.76
Honda,8.01,2016,10,173.8,2.82,82295,Diesel,Manual,3,2.0,2,31.9,10038.58
Volkswagen,7.4,2024,2,179.4,1.83,17988,Petrol,Automatic,1,1.0,4,32.3,27631.02
Nissan,6.94,2023,3,180.5,1.23,48052,Hybrid,Automatic,3,0.0,4,35.9,22820.57
Hyundai,6.76,2014,12,224.3,2.26,169730,Diesel,Automatic,3,0.0,4,26.9,5312.67
Toyota,8.07,2026,0,192.2,1.19,11399,Petrol,Automatic,4,1.0,4,25.4,26602.36
Kia,6.42,2012,14,183.5,2.81,186237,Petrol,Automatic,3,0.0,4,32.7,2849.05
Toyota,8.69,2012,14,180.2,1.63,121089,Diesel,Manual,1,0.0,4,19.8,10313.97
Tesla,8.6,2018,8,319.2,3.88,145266,Petrol,Automatic,2,0.0,4,27.7,50748.24
Honda,7.26,2012,14,182.1,1.5,178475,Diesel,Automatic,2,0.0,4,31.8,8835.69
Chevrolet,6.4,2011,15,160.7,1.0,226522,Hybrid,Automatic,4,0.0,2,30.6,2500.0
Ford,7.08,2026,0,365.1,0.0,500,Electric,Automatic,2,0.0,4,12.0,38767.72
Mazda,6.93,2013,13,152.7,2.0,148795,Diesel,Automatic,1,0.0,4,26.2,9074.01
Volkswagen,7.32,2026,0,186.8,2.49,500,Petrol,Automatic,1,0.0,4,27.5,32530.41
Volkswagen,6.78,2017,9,202.9,2.58,153145,Petrol,Automatic,3,0.0,4,29.7,15171.14
BMW,8.61,2012,14,309.2,2.55,156195,Petrol,Automatic,1,0.0,4,23.3,39627.62
Volkswagen,7.05,2022,4,166.2,1.84,37616,Petrol,Automatic,1,0.0,2,22.2,26997.95
Audi,8.23,2017,9,252.5,0.0,93001,Electric,Automatic,1,1.0,4,12.0,38952.58
Honda,8.88,2026,0,172.9,2.25,9777,Petrol,Automatic,4,0.0,4,25.5,33788.15
Ford,6.17,2020,6,175.1,1.48,72713,Hybrid,Automatic,2,0.0,4,38.9,16456.61
Honda,7.83,2020,6,146.5,1.61,64694,Petrol,Automatic,1,0.0,4,33.3,18515.14
Toyota,8.27,2012,14,143.2,1.95,131540,Diesel,Automatic,4,0.0,4,26.9,7033.53
Kia,6.8,2019,7,139.3,1.75,86238,Hybrid,Automatic,1,0.0,2,43.6,14302.86
Chevrolet,6.75,2009,17,235.2,1.51,256906,Hybrid,Automatic,1,0.0,4,31.9,2906.46
Hyundai,7.17,2024,2,208.8,2.52,28704,Petrol,Manual,3,0.0,4,22.9,23868.37
Nissan,5.53,2008,18,218.2,0.0,250551,Electric,Automatic,4,0.0,4,12.0,2500.0
Mazda,7.14,2024,2,186.1,1.0,9336,Petrol,Manual,2,0.0,4,35.3,23415.64
Kia,6.05,2026,0,132.8,,500,Petrol,Automatic,1,1.0,2,29.0,19601.25
Mazda,7.71,2020,6,200.3,1.27,69236,Petrol,Manual,2,0.0,4,33.3,18438.25
Audi,9.3,2015,11,273.4,2.25,144274,Diesel,Manual,1,0.0,4,25.1,35807.79
Hyundai,7.15,2025,1,163.3,2.63,16202,Hybrid,Automatic,3,0.0,2,34.5,23331.96
Kia,6.38,2015,11,177.8,1.83,144468,Petrol,Automatic,1,0.0,4,27.9,9855.66
BMW,9.28,2018,8,178.5,4.08,96331,Petrol,Manual,1,0.0,4,20.6,39408.83
Hyundai,7.06,2017,9,221.9,1.13,81906,Hybrid,Manual,2,0.0,4,32.4,17340.74
Tesla,9.52,2015,11,273.7,2.67,94011,Hybrid,Automatic,2,0.0,2,37.5,49323.07
Kia,6.75,2011,15,315.3,0.0,203052,Electric,Automatic,2,,4,12.0,13931.58
Volkswagen,6.8,2026,0,163.9,1.3,3386,Petrol,Automatic,2,0.0,4,32.2,28283.55
Mazda,7.21,2011,15,164.6,0.0,240666,Electric,Manual,2,2.0,4,12.0,2500.0
Lexus,9.19,2009,17,280.7,3.25,227525,Petrol,Automatic,1,0.0,4,18.4,34116.21
BMW,8.8,2017,9,227.3,3.5,99047,Petrol,Automatic,1,0.0,2,25.3,45934.04
Mazda,7.44,2010,16,172.8,1.0,154269,Diesel,Automatic,1,0.0,4,23.8,6751.38
Kia,6.66,2012,14,189.4,3.21,125376,Petrol,Automatic,3,0.0,4,17.7,8667.51
Volkswagen,7.58,2022,4,158.1,2.16,51400,Hybrid,Manual,3,0.0,4,34.2,22651.15
Toyota,8.27,2017,9,131.5,2.02,103767,Hybrid,Automatic,1,0.0,4,47.4,16682.36
Toyota,8.96,2024,2,264.6,0.0,26283,Electric,Manual,2,0.0,4,12.0,31415.77
Chevrolet,6.68,2024,2,174.2,1.73,22635,Petrol,Manual,1,0.0,4,27.1,22055.06
Toyota,8.72,2020,6,179.8,2.27,48840,Petrol,Manual,1,0.0,4,26.6,23269.19
Subaru,7.71,2010,16,182.1,1.03,176869,Petrol,Manual,2,0.0,4,33.3,4687.39
Toyota,8.99,2010,16,188.2,2.39,134975,Petrol,Automatic,3,0.0,4,40.8,12121.05
Mercedes-Benz,9.01,2022,4,330.2,0.0,45513,Electric,Automatic,1,0.0,4,12.0,62053.06
Tesla,8.05,2014,12,233.4,3.85,134245,Diesel,Automatic,1,0.0,4,26.0,42310.3
Subaru,7.9,2017,9,175.0,1.67,121956,Petrol,Manual,1,0.0,4,29.7,16658.43
Mercedes-Benz,9.5,2009,17,301.3,4.16,207884,Petrol,Automatic,3,0.0,4,25.3,38088.73
Toyota,8.35,2011,15,120.3,2.96,180532,Petrol,Manual,2,2.0,4,32.0,2500.0
Mazda,7.31,2017,9,418.4,0.0,77484,Electric,Manual,3,0.0,2,12.0,29321.38
Nissan,5.88,2016,10,225.0,1.6,169352,Petrol,Automatic,2,0.0,4,32.3,7456.86
Nissan,5.84,2022,4,178.3,1.0,34160,Petrol,Manual,2,0.0,4,27.4,15405.55
Lexus,9.45,2008,18,297.0,2.79,139399,Petrol,Automatic,1,2.0,4,21.7,35945.03
Tesla,9.06,2016,10,288.8,2.49,64689,Petrol,Manual,1,1.0,2,37.8,48504.67
Hyundai,7.1,2023,3,220.6,1.0,28423,Diesel,Manual,4,0.0,4,,20208.31
Chevrolet,6.48,2009,17,460.6,0.0,230502,Electric,Automatic,2,0.0,4,12.0,18439.89
Ford,6.98,2008,18,254.3,0.0,164210,Electric,Automatic,2,0.0,4,12.0,12303.33
Nissan,6.49,2010,16,174.5,2.34,217359,Petrol,Automatic,3,0.0,4,21.5,2500.0
Nissan,5.7,2016,10,205.7,2.32,91996,Petrol,Automatic,4,0.0,2,25.5,12676.21
Subaru,7.71,2015,11,196.8,2.19,125845,Petrol,Automatic,1,0.0,4,28.4,17338.39
Ford,6.25,2010,16,146.4,2.42,228912,Petrol,Automatic,2,,4,36.3,2500.0
Volkswagen,7.57,2024,2,170.3,1.51,18819,Diesel,Automatic,2,0.0,4,28.2,25824.28
Tesla,8.86,2014,12,322.3,3.51,137644,Diesel,Automatic,1,0.0,4,24.5,47647.85
Nissan,6.21,2009,17,219.0,1.27,269417,Petrol,Automatic,1,0.0,4,24.6,2500.0
Volkswagen,7.41,2019,7,140.5,2.46,57110,Petrol,Automatic,2,2.0,4,37.4,17153.4
Tesla,8.35,2021,5,261.5,4.61,57170,Hybrid,Automatic,1,0.0,4,41.1,58577.94
Volkswagen,6.56,2022,4,153.8,1.04,48143,Diesel,Automatic,1,1.0,4,24.4,21952.96
Mazda,7.41,2011,15,203.6,2.4,267271,Petrol,Automatic,1,1.0,4,31.7,5313.86
BMW,8.59,2023,3,248.4,3.46,34613,Diesel,Automatic,1,0.0,2,33.8,50149.92
Mazda,7.03,2016,10,239.8,,97251,Petrol,Automatic,1,0.0,4,26.3,20234.1
Lexus,9.37,2014,12,281.3,3.05,78050,Petrol,Automatic,2,0.0,4,32.1,48259.86
Audi,8.97,2026,0,298.4,3.57,500,Petrol,Automatic,4,1.0,4,30.8,55683.45
Ford,6.13,2010,16,206.3,1.93,179386,Petrol,Manual,1,0.0,4,35.7,4832.85
Ford,6.72,2013,13,391.6,0.0,184933,Electric,Automatic,1,0.0,4,12.0,21869.95
Honda,8.2,2009,17,200.6,0.0,206787,Electric,Automatic,1,1.0,2,12.0,3005.72
BMW,8.73,2023,3,254.6,3.47,51115,Petrol,Manual,2,0.0,4,25.8,46820.53
Lexus,8.51,2025,1,236.5,2.73,17818,Hybrid,Manual,1,0.0,2,28.7,54401.25
Volkswagen,6.59,2008,18,210.7,1.96,116193,Petrol,Automatic,1,1.0,4,23.5,6896.21
Nissan,6.4,2017,9,125.6,2.01,114666,Diesel,Automatic,1,0.0,4,30.3,9601.13
Volkswagen,6.47,2011,15,158.0,2.5,218359,Petrol,Manual,1,1.0,4,37.0,5760.33
BMW,8.29,2009,17,165.5,3.84,202856,Petrol,Automatic,1,1.0,4,33.9,26583.4
Mazda,7.86,2018,8,216.8,2.33,111030,Petrol,Manual,3,0.0,4,21.8,15865.58
Lexus,9.02,2026,0,312.2,0.0,500,Electric,Automatic,1,0.0,2,12.0,61228.29
Toyota,7.88,2023,3,193.2,1.74,37213,Diesel,Automatic,2,0.0,4,28.8,27624.39
Mazda,7.02,2023,3,199.3,1.92,48713,Petrol,Automatic,1,0.0,4,27.7,24794.17
Kia,6.89,2026,0,229.8,0.0,3324,Electric,Manual,2,0.0,4,12.0,27391.75
Mazda,6.73,2008,18,256.3,1.97,178963,Petrol,Automatic,1,2.0,4,34.0,8091.75
Audi,8.6,2017,9,180.8,3.06,141948,Petrol,Automatic,1,0.0,4,22.4,37610.48
Toyota,8.74,2020,6,167.6,1.96,79266,Petrol,Automatic,3,0.0,4,29.7,20388.52
Chevrolet,6.31,2021,5,173.7,2.0,62522,Petrol,Automatic,3,,4,31.2,18063.82
Chevrolet,6.07,2012,14,147.9,1.0,230970,Petrol,Automatic,1,0.0,4,35.3,2500.0
Audi,7.82,2014,12,227.1,4.17,131104,Petrol,Automatic,3,0.0,4,25.1,32395.45
Chevrolet,6.46,2010,16,191.8,2.02,182508,Diesel,Manual,2,1.0,4,24.3,2500.0
Tesla,9.22,2017,9,344.4,2.82,137049,Petrol,Automatic,1,0.0,4,23.5,54214.6
Audi,9.01,2014,12,214.0,3.58,170230,Petrol,Manual,1,1.0,4,29.7,34256.09
Honda,8.1,2025,1,188.2,1.0,6527,Petrol,Automatic,2,1.0,4,28.4,28869.17
Honda,8.38,2011,15,156.1,2.07,242078,Petrol,Automatic,2,0.0,4,27.2,5639.54
BMW,9.33,2021,5,252.5,3.77,56257,Diesel,Automatic,4,1.0,4,27.9,47633.65
Kia,6.44,2016,10,220.7,1.7,126349,Hybrid,Manual,1,1.0,2,49.3,12068.72
Subaru,7.73,2010,16,201.9,2.53,89199,Petrol,Automatic,2,0.0,4,34.2,16911.86
Volkswagen,6.77,2012,14,206.4,1.8,205306,Petrol,Automatic,1,0.0,2,24.8,10632.55
BMW,9.01,2023,3,310.0,3.01,40685,Petrol,Automatic,4,0.0,4,29.9,52964.88
Volkswagen,6.58,2014,12,152.3,2.62,195079,Hybrid,Automatic,1,0.0,4,39.1,11496.82
Hyundai,7.01,2017,9,174.4,1.16,121376,Petrol,Manual,1,0.0,4,29.6,9822.64
Audi,9.01,2012,14,255.4,3.67,161587,Hybrid,Automatic,3,1.0,4,50.4,34499.8
Volkswagen,7.05,2016,10,132.3,1.63,132571,Petrol,Automatic,1,1.0,4,,11791.44
Honda,8.2,2019,7,118.6,2.59,68833,Petrol,Automatic,1,0.0,4,34.6,19389.56
Mercedes-Benz,8.49,2013,13,261.7,3.5,102636,Diesel,Automatic,2,0.0,4,41.7,41922.16
Toyota,8.36,2023,3,171.7,2.05,45021,Hybrid,Automatic,1,0.0,4,50.5,28286.05
Mazda,6.82,2018,8,144.5,2.68,147648,Petrol,Manual,3,0.0,2,26.8,10538.13
Ford,6.49,2022,4,147.1,1.44,61977,Diesel,Automatic,2,0.0,4,29.5,15852.42
Audi,9.01,2026,0,178.1,3.32,500,Petrol,Manual,1,0.0,4,20.7,47738.38
Lexus,9.19,2021,5,277.2,2.47,73581,Petrol,Manual,1,0.0,4,25.9,50679.21
Hyundai,7.2,2011,15,134.7,1.79,90611,Petrol,Automatic,2,0.0,4,22.9,4201.26
Volkswagen,7.72,2025,1,192.4,1.74,22039,Petrol,Automatic,1,0.0,4,,29436.53
Ford,6.51,2013,13,208.5,3.15,178096,Petrol,Automatic,3,2.0,4,33.5,5615.04
Audi,9.03,2025,1,251.3,2.17,15041,Diesel,Automatic,2,0.0,4,24.7,50510.82
Volkswagen,7.14,2009,17,243.5,2.15,205577,Petrol,Manual,4,0.0,4,30.8,6442.25
Tesla,8.66,2014,12,311.3,3.32,134508,Petrol,Automatic,1,1.0,2,25.7,46904.94
Nissan,5.76,2017,9,191.3,2.46,45464,Diesel,Automatic,2,1.0,4,33.5,15022.85
Volkswagen,6.71,2023,3,204.1,1.0,40449,Diesel,Automatic,2,0.0,4,24.6,29881.83
Nissan,6.85,2021,5,172.8,2.0,67959,Diesel,Automatic,4,0.0,4,28.2,15588.38
Mazda,7.41,2016,10,174.6,1.42,105085,Hybrid,Manual,1,0.0,4,34.2,16354.96
Chevrolet,6.04,2013,13,162.7,1.81,173179,Petrol,Automatic,1,0.0,4,31.3,6699.08
Nissan,6.55,2022,4,174.9,1.0,38300,Hybrid,Manual,1,0.0,4,30.0,18464.95
Nissan,6.1,2022,4,361.5,0.0,61642,Electric,Automatic,2,0.0,4,12.0,32110.38
Toyota,9.55,2024,2,182.9,1.8,18847,Petrol,Manual,1,0.0,4,23.2,32961.7
Subaru,7.7,2012,14,131.5,1.57,212941,Petrol,Automatic,3,0.0,4,33.4,6685.28
Kia,6.1,2016,10,150.8,3.3,111056,Petrol,Automatic,1,0.0,2,29.3,9093.55
BMW,9.31,2016,10,366.8,4.56,138175,Petrol,Automatic,3,0.0,4,26.5,49853.31
Nissan,6.3,2020,6,197.8,3.06,42644,Petrol,Manual,3,2.0,4,31.2,17040.49
BMW,9.49,2009,17,294.6,3.21,226358,Petrol,Manual,1,2.0,4,42.4,24380.48
Hyundai,6.91,2026,0,173.2,1.86,1109,Petrol,Manual,1,0.0,4,26.2,21876.16
BMW,9.09,2022,4,296.8,2.48,47402,Petrol,Automatic,2,0.0,4,23.2,51107.94
Mazda,7.46,2024,2,182.1,1.23,20356,Diesel,Automatic,1,1.0,4,30.9,23201.07
Nissan,6.16,2022,4,158.9,1.82,64327,Hybrid,Automatic,2,0.0,4,26.6,15516.39
Toyota,8.61,2008,18,166.5,3.07,209463,Hybrid,Automatic,1,1.0,4,37.8,6097.66
Honda,8.3,2025,1,120.5,1.12,10216,Petrol,Automatic,4,0.0,4,26.9,24159.9
Volkswagen,7.17,2019,7,316.7,0.0,112630,Electric,Automatic,4,0.0,4,12.0,27385.02
Chevrolet,6.34,2017,9,228.3,2.17,76365,Petrol,Automatic,1,0.0,4,23.1,18383.08
BMW,8.66,2019,7,254.3,1.0,64071,Petrol,Automatic,1,0.0,4,32.4,45901.42
Mazda,7.58,2016,10,107.2,3.46,168777,Hybrid,Manual,1,1.0,4,30.8,8593.44
Mercedes-Benz,8.98,2025,1,263.0,4.0,10295,Hybrid,Automatic,3,0.0,2,39.3,61458.2
Hyundai,6.96,2018,8,228.2,1.0,111120,Petrol,Automatic,1,0.0,4,26.1,13668.81
Honda,8.38,2009,17,152.5,2.19,249994,Hybrid,Automatic,2,0.0,4,42.8,7398.28
Hyundai,7.29,2011,15,232.5,2.97,245775,Petrol,Manual,2,0.0,4,32.8,2500.0
Subaru,7.56,2022,4,193.9,2.75,62052,Petrol,Automatic,1,0.0,4,31.7,28115.89
Hyundai,6.43,2021,5,198.9,2.25,33968,Hybrid,Automatic,2,0.0,4,39.8,24390.45
Honda,8.26,2024,2,171.4,2.18,24223,Diesel,Automatic,1,1.0,2,29.5,27744.28
Ford,5.96,2013,13,172.4,2.46,167845,Petrol,Manual,1,0.0,4,21.6,6247.3
Kia,6.51,2016,10,169.7,2.72,48912,Petrol,Automatic,3,1.0,4,20.4,13731.6
Volkswagen,7.44,2012,14,138.1,1.92,188973,Petrol,Automatic,1,1.0,4,31.0,6424.75
Hyundai,7.37,2008,18,182.5,3.33,134167,Petrol,Automatic,1,0.0,4,23.4,3382.12
Honda,7.6,2026,0,227.5,2.47,2210,Hybrid,Automatic,1,0.0,4,38.8,34337.78
Hyundai,5.99,2015,11,357.8,0.0,164002,Electric,Automatic,2,0.0,4,12.0,17410.81
Tesla,8.5,2025,1,276.8,3.94,15943,Petrol,Automatic,1,0.0,4,33.6,61423.96
Audi,8.04,2020,6,317.7,2.79,105119,Petrol,Manual,2,1.0,4,27.7,46059.24
Toyota,7.94,2025,1,128.4,1.0,9598,Hybrid,Automatic,1,0.0,4,35.1,31084.53
Mercedes-Benz,9.12,2013,13,272.7,3.75,155003,Diesel,Automatic,1,1.0,4,30.8,40455.53
Honda,8.2,2019,7,189.8,2.25,92916,Diesel,Manual,2,0.0,4,28.2,20367.84
Toyota,9.06,2010,16,158.9,2.32,212522,Diesel,Automatic,1,0.0,4,33.5,7365.47
Subaru,7.82,2008,18,198.5,3.3,174307,Petrol,Manual,3,0.0,2,20.9,8711.39
Nissan,6.92,2020,6,298.2,0.0,62520,Electric,Manual,3,0.0,4,12.0,26174.01
Chevrolet,6.28,2018,8,141.7,3.29,49260,Diesel,Automatic,4,0.0,4,27.4,14908.83
Honda,8.1,2010,16,157.0,2.33,202318,Petrol,Manual,3,0.0,2,36.1,3775.13
Ford,6.71,2018,8,210.3,2.54,105761,Petrol,Automatic,1,1.0,4,35.1,18105.27
BMW,8.5,2013,13,184.5,3.64,205794,Petrol,Manual,1,0.0,4,36.8,26419.13
Mazda,6.53,2018,8,188.9,2.0,82773,Diesel,Automatic,1,0.0,4,30.7,16972.91
Chevrolet,6.19,2020,6,255.1,1.8,43312,Diesel,Automatic,1,0.0,4,16.2,20749.13
Toyota,8.6,2020,6,179.7,1.63,86408,Petrol,Automatic,1,2.0,4,33.1,19115.82
Honda,8.64,2012,14,207.1,2.1,110851,Petrol,Manual,1,1.0,4,27.5,11644.69
Toyota,8.35,2020,6,299.5,0.0,92508,Electric,Automatic,1,0.0,4,12.0,34002.34
Honda,8.15,2019,7,226.5,1.64,72571,Petrol,Automatic,1,0.0,2,24.5,23279.51
Volkswagen,7.1,2018,8,175.3,2.03,151713,Petrol,Automatic,3,1.0,4,25.1,13534.84
Mercedes-Benz,8.21,2022,4,339.8,4.71,66364,Diesel,Automatic,1,0.0,4,39.5,57587.65
Mercedes-Benz,8.93,2012,14,367.9,2.84,220067,Petrol,Automatic,1,,4,29.8,42518.93
Volkswagen,6.01,2011,15,198.4,1.76,209619,Petrol,Automatic,2,0.0,4,20.7,4002.69
Volkswagen,7.21,2014,12,179.0,1.65,108307,Petrol,Automatic,2,0.0,4,29.9,16440.99
Lexus,9.42,2015,11,197.3,2.86,158046,Diesel,Automatic,3,2.0,4,23.4,35888.99
Tesla,8.69,2023,3,317.3,2.97,46859,Petrol,Manual,1,0.0,4,24.4,55570.62
Subaru,7.77,2013,13,170.6,1.21,186568,Diesel,Automatic,1,0.0,4,33.0,12597.06
Subaru,6.79,2024,2,206.3,2.94,17763,Diesel,Automatic,1,0.0,4,41.3,28834.25
Mercedes-Benz,8.58,2011,15,273.7,3.3,166412,Hybrid,Automatic,1,0.0,4,34.0,41866.78
Toyota,8.42,2025,1,215.3,2.72,18107,Diesel,Automatic,2,1.0,2,22.8,31162.63
Volkswagen,7.69,2011,15,202.8,1.46,142181,Petrol,Automatic,2,0.0,4,21.0,15653.95
Mazda,7.23,2026,0,191.4,2.28,500,Petrol,Manual,4,0.0,4,23.2,26272.16
Ford,6.74,2026,0,104.2,4.21,500,Diesel,Automatic,3,0.0,4,30.0,25537.26
Volkswagen,7.12,2016,10,221.8,1.0,96196,Petrol,Manual,1,1.0,2,28.3,15250.29
Lexus,9.29,2011,15,274.4,2.36,150549,Diesel,Manual,1,1.0,4,28.6,36355.82
Chevrolet,5.36,2015,11,182.7,0.0,133962,Electric,Automatic,1,0.0,4,12.0,12145.57
Toyota,8.97,2020,6,175.6,1.57,51296,Petrol,Manual,2,1.0,4,23.7,21530.99
Ford,6.65,2017,9,138.3,2.01,155342,Hybrid,Automatic,2,0.0,4,31.2,12076.3
Ford,6.43,2015,11,211.3,1.41,45092,Petrol,Automatic,2,0.0,4,27.6,15838.02
BMW,8.66,2025,1,334.4,2.51,23349,Petrol,Manual,2,0.0,4,31.0,56659.35
Honda,8.37,2020,6,116.5,1.88,38486,Petrol,Automatic,2,0.0,4,28.5,18616.47
Toyota,8.58,2012,14,165.3,3.27,198857,Diesel,Manual,3,1.0,4,36.6,4985.16
Toyota,8.41,2019,7,166.5,,74280,Petrol,Automatic,1,1.0,4,28.1,22323.41
Kia,6.4,2016,10,152.4,1.0,103446,Petrol,Manual,1,0.0,4,30.1,4474.75
Subaru,7.57,2015,11,182.0,2.17,158023,Diesel,Automatic,4,0.0,4,28.2,14118.44
Nissan,5.62,2022,4,340.7,0.0,51572,Electric,Automatic,3,0.0,4,12.0,26812.96
Honda,8.76,2014,12,227.0,1.27,133182,Hybrid,Automatic,1,0.0,4,35.4,22660.32
Hyundai,7.0,2010,16,122.2,2.02,167395,Petrol,Automatic,4,0.0,4,22.7,2500.0
Nissan,6.43,2015,11,330.5,0.0,153192,Electric,Automatic,1,1.0,4,12.0,16910.88
Audi,8.96,2025,1,304.8,0.0,2240,Electric,Automatic,1,0.0,4,12.0,62416.08
Toyota,8.92,2025,1,162.6,2.4,13577,Diesel,Manual,1,0.0,4,37.8,31978.12
Mercedes-Benz,9.07,2010,16,308.2,,271283,Hybrid,Manual,1,0.0,2,44.2,34202.94
Hyundai,6.7,2019,7,190.7,1.86,106381,Hybrid,Manual,2,0.0,4,40.9,14268.59
Tesla,9.89,2023,3,269.2,3.76,38483,Diesel,Manual,2,0.0,4,32.6,57295.91
Audi,8.96,2012,14,307.2,3.49,159623,Petrol,Manual,1,0.0,4,32.5,38087.39
Mercedes-Benz,9.39,2019,7,216.9,3.12,52495,Diesel,Automatic,1,0.0,4,28.9,51777.55
Lexus,8.47,2010,16,284.2,1.86,152620,Petrol,Manual,3,2.0,4,26.6,32555.31
Audi,8.75,2023,3,222.3,3.24,30372,Petrol,Automatic,1,0.0,4,25.7,49980.55
Hyundai,6.64,2018,8,166.5,2.05,109802,Petrol,Automatic,3,2.0,4,35.0,7713.98
Chevrolet,6.23,2011,15,235.4,1.03,136328,Petrol,Automatic,2,0.0,4,27.4,8811.85
Volkswagen,6.66,2008,18,177.2,2.52,287796,Petrol,Manual,1,0.0,4,21.6,2500.0
Honda,7.92,2014,12,193.1,1.56,117681,Hybrid,Automatic,1,0.0,4,48.0,15875.93
Subaru,8.24,2022,4,208.2,2.56,65526,Hybrid,Automatic,1,1.0,4,34.9,29503.77
Subaru,7.98,2022,4,193.8,2.04,54443,Petrol,Manual,3,0.0,4,27.6,25496.33
Nissan,6.28,2008,18,225.9,2.5,249869,Petrol,Automatic,1,0.0,4,25.7,2500.0
BMW,8.32,2018,8,319.3,3.65,89521,Petrol,Automatic,3,1.0,2,26.0,45453.78
Ford,5.8,2016,10,181.8,2.37,168051,Hybrid,Automatic,3,0.0,4,39.2,6595.18
Toyota,8.18,2015,11,166.4,1.06,154543,Diesel,Automatic,2,1.0,2,32.4,10569.14
Kia,5.8,2008,18,160.0,,181942,Petrol,Automatic,1,1.0,4,25.0,2500.0
Volkswagen,7.44,2021,5,204.0,2.37,69218,Petrol,Automatic,2,0.0,4,30.8,24543.68
Toyota,8.15,2025,1,189.6,2.14,9593,Diesel,Automatic,1,0.0,4,22.7,31571.05
Subaru,8.24,2012,14,132.9,1.19,180881,Petrol,Automatic,3,0.0,4,25.9,8762.74
Hyundai,7.05,2020,6,225.9,2.88,56947,Diesel,Automatic,2,0.0,4,18.9,21864.31
Hyundai,7.54,2010,16,236.1,0.0,241006,Electric,Automatic,3,1.0,4,12.0,4116.28
Kia,6.74,2009,17,296.8,0.0,190116,Electric,Automatic,1,2.0,4,12.0,5041.05
Nissan,6.2,2009,17,186.2,2.3,296852,Hybrid,Automatic,1,0.0,2,40.0,2500.0
Honda,7.6,2023,3,232.4,1.2,29022,Petrol,Manual,2,0.0,4,24.8,27353.16
Tesla,9.26,2008,18,322.0,0.0,164993,Electric,Automatic,1,0.0,4,12.0,42635.02
Lexus,8.75,2009,17,347.8,2.13,223663,Petrol,Manual,1,0.0,4,23.7,31372.78
Kia,7.35,2009,17,174.8,3.39,325352,Petrol,Automatic,3,2.0,2,28.0,2500.0
Mazda,7.11,2013,13,138.7,2.25,132304,Diesel,Automatic,3,1.0,4,28.8,4681.97
Volkswagen,7.34,2008,18,209.7,1.05,131290,Petrol,Automatic,4,0.0,2,,10270.47
Toyota,8.08,2011,15,202.6,2.46,177932,Diesel,Manual,3,2.0,4,27.0,5914.01
Hyundai,7.04,2014,12,146.2,2.28,116563,Petrol,Manual,1,0.0,4,33.2,6528.58
Nissan,6.93,2021,5,189.9,2.57,16473,Petrol,Automatic,2,1.0,4,22.6,22169.05
Honda,8.32,2021,5,176.6,1.9,56333,Diesel,Automatic,2,1.0,4,,19252.86
Honda,7.87,2013,13,186.9,1.98,156144,Diesel,Automatic,4,0.0,4,,12078.16
Tesla,8.8,2014,12,296.0,,190508,Petrol,Automatic,1,0.0,4,27.8,45372.85
Tesla,9.18,2009,17,329.3,4.83,183033,Hybrid,Automatic,1,1.0,4,40.8,45722.67
Mazda,7.3,2014,12,200.9,2.44,173078,Petrol,Automatic,2,2.0,4,23.4,9153.19
Kia,7.15,2011,15,229.2,1.93,254113,Petrol,Manual,1,1.0,4,32.3,2500.0
Volkswagen,7.09,2019,7,232.6,2.39,106910,Hybrid,Automatic,4,0.0,4,34.2,24088.56
Honda,8.23,2025,1,160.6,1.39,500,Petrol,Automatic,1,0.0,4,31.6,29053.25
Ford,6.46,2016,10,204.3,0.0,130703,Electric,Automatic,2,0.0,4,12.0,13240.3
Toyota,7.89,2011,15,189.6,2.16,127504,Diesel,Automatic,1,0.0,4,24.6,10246.42
Ford,6.77,2011,15,136.6,2.22,178500,Hybrid,Manual,2,1.0,2,41.4,2500.0
Nissan,6.5,2014,12,127.7,1.76,133829,Hybrid,Manual,1,1.0,4,44.7,2500.0
Volkswagen,6.76,2010,16,240.2,1.62,163815,Petrol,Automatic,3,1.0,4,26.4,9709.43
Mazda,7.88,2024,2,258.9,0.0,22092,Electric,Automatic,2,1.0,2,12.0,31995.5
Toyota,8.3,2010,16,144.2,1.72,141832,Hybrid,Automatic,2,0.0,4,34.2,11080.73
Lexus,9.23,2010,16,330.5,2.8,242649,Hybrid,Automatic,1,0.0,4,44.6,39967.76
Volkswagen,7.27,2018,8,206.4,2.38,119472,Hybrid,Manual,1,1.0,4,37.5,17380.9
Audi,8.74,2016,10,241.7,3.18,76361,Petrol,Manual,1,0.0,4,25.4,38290.56
Kia,7.14,2012,14,280.4,0.0,117649,Electric,Automatic,2,0.0,4,12.0,12255.4
Volkswagen,7.06,2026,0,150.2,2.46,3629,Hybrid,Automatic,3,0.0,4,44.5,28671.31
Nissan,6.17,2016,10,176.0,1.75,118241,Diesel,Manual,1,0.0,4,30.8,10421.71
Toyota,8.1,2018,8,206.2,3.21,102392,Petrol,Manual,1,0.0,4,19.4,22138.52
Toyota,8.63,2025,1,197.4,2.11,14794,Petrol,Manual,2,0.0,4,30.1,31114.42
Nissan,6.08,2010,16,114.6,1.46,158153,Diesel,Manual,2,,4,33.4,2500.0
Mazda,7.12,2019,7,179.6,1.56,65060,Petrol,Automatic,1,0.0,2,26.9,20754.51
Kia,6.34,2015,11,403.8,0.0,163107,Electric,Automatic,1,1.0,4,12.0,18531.51
Tesla,8.19,2016,10,315.2,4.65,116540,Hybrid,Manual,1,0.0,4,42.4,50641.67
Kia,6.58,2013,13,132.2,2.63,183934,Petrol,Automatic,1,0.0,4,27.6,2500.0
Hyundai,6.49,2009,17,122.4,2.36,158858,Petrol,Automatic,2,0.0,4,26.6,2500.0
Audi,8.9,2022,4,251.6,2.65,50362,Petrol,Manual,1,0.0,4,26.9,48285.52
Hyundai,5.91,2012,14,154.4,2.17,149718,Diesel,Automatic,1,1.0,4,32.5,4691.19
Ford,6.71,2010,16,127.9,1.99,259195,Diesel,Manual,2,1.0,4,28.2,2500.0
Hyundai,7.04,2014,12,217.1,1.56,153060,Diesel,Automatic,2,2.0,4,26.2,7634.76
Subaru,7.22,2017,9,185.1,1.37,120164,Hybrid,Automatic,1,2.0,4,42.5,15949.31
Honda,8.86,2014,12,122.1,1.68,104449,Hybrid,Automatic,2,0.0,4,35.1,15172.5
BMW,9.77,2024,2,308.1,2.49,22488,Petrol,Automatic,3,0.0,4,35.3,54297.27
Mazda,7.62,2017,9,185.1,1.0,143403,Diesel,Manual,3,0.0,2,25.0,12247.1
Mazda,7.95,2022,4,173.7,1.44,77630,Petrol,Automatic,3,0.0,4,27.3,19735.71
Volkswagen,7.28,2017,9,138.8,2.21,141550,Hybrid,Automatic,3,1.0,4,43.6,13212.6
Chevrolet,5.7,2012,14,193.1,1.7,138479,Petrol,Automatic,1,0.0,4,,6886.78
Volkswagen,7.55,2023,3,219.2,2.81,25406,Hybrid,Automatic,4,0.0,4,41.7,31404.88
Audi,8.64,2008,18,248.5,2.72,130355,Petrol,Automatic,2,0.0,4,24.2,29221.15
Subaru,8.15,2025,1,226.7,2.34,7837,Petrol,Automatic,3,0.0,2,22.9,35556.49
Volkswagen,7.59,2022,4,128.9,2.4,40893,Diesel,Automatic,1,0.0,4,30.3,21940.49
Ford,5.6,2013,13,242.9,1.9,43425,Petrol,Automatic,1,1.0,4,32.1,16065.11
Toyota,8.49,2026,0,146.2,2.05,1980,Petrol,Manual,2,0.0,4,30.1,31032.16
BMW,8.89,2013,13,251.1,2.71,177503,Hybrid,Automatic,3,2.0,4,44.0,35922.45
Honda,8.13,2023,3,233.5,1.8,23258,Petrol,Automatic,2,0.0,2,22.2,32115.97
Mercedes-Benz,8.69,2020,6,303.8,3.32,64002,Petrol,Automatic,3,0.0,4,28.9,52759.11
Ford,7.19,2015,11,272.9,0.0,132714,Electric,Automatic,2,1.0,4,12.0,18832.62
Kia,6.63,2017,9,224.9,1.0,173359,Petrol,Automatic,2,0.0,4,27.8,11491.98
Chevrolet,6.99,2009,17,325.0,0.0,138934,Electric,Manual,1,0.0,2,12.0,10715.68
Chevrolet,6.57,2026,0,160.2,1.0,500,Diesel,Manual,2,1.0,2,23.1,18521.65
Kia,7.3,2009,17,245.9,1.27,236136,Petrol,Automatic,2,1.0,4,28.3,3499.86
Hyundai,7.18,2021,5,180.8,1.51,60721,Petrol,Automatic,2,0.0,4,34.2,17467.97
Lexus,9.4,2016,10,263.7,2.89,89150,Petrol,Automatic,1,0.0,4,32.3,46187.81
Kia,7.33,2008,18,180.9,1.53,144852,Diesel,Automatic,1,0.0,2,39.1,2500.0
Toyota,8.39,2010,16,173.6,2.1,200912,Diesel,Manual,3,2.0,4,32.2,2500.0
Mazda,7.93,2018,8,204.2,1.6,97915,Petrol,Automatic,1,0.0,4,23.3,17749.85
Nissan,6.9,2008,18,382.5,0.0,209472,Electric,Automatic,2,,4,12.0,14086.31
Lexus,8.52,2025,1,365.3,3.37,11257,Hybrid,Automatic,1,0.0,2,41.8,66425.29
Ford,6.66,2012,14,213.0,2.35,157171,Petrol,Manual,2,2.0,4,22.0,9002.88
Chevrolet,6.29,2026,0,181.0,1.96,500,Hybrid,Automatic,1,0.0,4,39.4,28552.71
Subaru,7.41,2022,4,217.4,2.31,45849,Diesel,Automatic,1,0.0,4,28.4,25637.93
Kia,6.8,2022,4,150.5,2.2,61631,Petrol,Automatic,3,1.0,4,33.6,12412.63
Ford,6.51,2014,12,209.0,1.45,192709,Petrol,Automatic,1,0.0,4,24.7,6029.04
BMW,8.96,2010,16,298.2,4.23,179882,Diesel,Automatic,4,0.0,4,32.2,36419.18
Mercedes-Benz,9.1,2011,15,266.7,1.0,147529,Petrol,Automatic,2,0.0,4,28.7,37946.9
Lexus,8.56,2012,14,247.8,3.71,136613,Diesel,Manual,1,2.0,2,18.4,31036.01
Toyota,9.13,2017,9,116.1,2.57,92613,Petrol,Manual,1,0.0,4,36.6,18456.33
Volkswagen,8.24,2026,0,220.5,2.38,500,Hybrid,Automatic,3,0.0,4,37.3,36020.92
Kia,6.25,2023,3,190.5,2.21,48814,Hybrid,Automatic,3,1.0,4,48.9,17543.56
Volkswagen,6.69,2026,0,260.7,2.87,500,Petrol,Automatic,3,0.0,4,28.7,35214.95
Tesla,9.27,2014,12,245.5,3.64,171533,Hybrid,Automatic,2,1.0,4,32.6,41974.32
Subaru,7.95,2008,18,142.2,1.69,234791,Diesel,Automatic,2,1.0,4,28.0,2500.0
Volkswagen,6.49,2011,15,214.9,3.09,156064,Petrol,Automatic,1,2.0,2,25.3,9581.53
Kia,5.78,2009,17,207.5,1.48,322737,Hybrid,Manual,2,1.0,4,38.2,2500.0
Chevrolet,5.74,2019,7,167.2,2.49,68834,Petrol,Automatic,1,0.0,2,38.8,15127.63
Chevrolet,6.43,2013,13,126.4,2.88,197385,Petrol,Automatic,4,1.0,2,22.0,3331.34
Lexus,9.82,2017,9,290.6,3.55,149029,Petrol,Automatic,3,0.0,4,33.1,46905.46
Mazda,7.62,2023,3,429.3,0.0,27869,Electric,Manual,2,1.0,4,12.0,37744.01
Mazda,7.79,2013,13,96.9,1.4,97903,Diesel,Manual,1,0.0,2,29.7,5655.27
Nissan,6.42,2013,13,153.9,1.21,153261,Petrol,Automatic,3,0.0,4,24.5,5443.81
Lexus,8.94,2012,14,233.4,3.58,105577,Petrol,Automatic,1,1.0,4,29.3,40272.51
Audi,8.16,2010,16,243.8,2.77,264648,Petrol,Automatic,1,2.0,4,29.1,24684.21
Mazda,7.34,2024,2,211.9,3.03,15199,Petrol,Automatic,2,0.0,4,21.2,28285.24
Hyundai,6.74,2011,15,115.1,2.93,250670,Hybrid,Manual,4,0.0,4,35.6,2500.0
Hyundai,6.03,2014,12,247.9,2.1,119670,Diesel,Automatic,1,2.0,4,23.2,11147.86
Chevrolet,6.19,2014,12,162.9,3.48,89402,Diesel,Automatic,1,0.0,4,30.5,12579.2
Ford,6.6,2013,13,159.6,2.14,160191,Diesel,Manual,2,0.0,4,30.2,3506.07
Hyundai,7.19,2010,16,195.5,2.11,163799,Petrol,Automatic,1,0.0,4,30.8,4821.98
Ford,6.85,2022,4,150.1,2.62,35043,Petrol,Manual,2,0.0,2,31.1,18843.34
Toyota,7.87,2013,13,186.4,2.97,173412,Petrol,Automatic,2,,2,33.7,10969.66
Mazda,8.27,2021,5,210.0,2.17,64672,Diesel,Automatic,1,0.0,4,20.9,26964.24
Ford,6.74,2026,0,208.0,1.72,7718,Petrol,Automatic,3,0.0,4,28.4,26267.51
BMW,8.76,2015,11,221.6,0.0,170961,Electric,Automatic,4,0.0,4,12.0,38957.87
Mazda,7.25,2017,9,240.0,1.9,177991,Petrol,Automatic,2,1.0,2,27.7,14632.4
Tesla,9.14,2013,13,374.5,1.69,149604,Petrol,Automatic,2,0.0,2,38.0,47699.33
Nissan,6.36,2012,14,172.5,1.41,156639,Petrol,Automatic,1,0.0,4,24.9,5687.48
Volkswagen,7.02,2026,0,194.4,1.4,2889,Petrol,Automatic,1,0.0,4,22.1,29281.95
Volkswagen,6.36,2021,5,234.0,2.73,96009,Petrol,Automatic,1,1.0,4,27.0,22363.49
Toyota,9.01,2023,3,133.8,1.06,41300,Diesel,Automatic,2,0.0,4,16.1,24709.39
Honda,8.17,2023,3,217.7,2.86,31492,Petrol,Automatic,4,0.0,2,25.5,27592.95
Mazda,6.97,2018,8,153.4,2.73,65379,Petrol,Manual,2,1.0,4,31.2,14739.1
Mazda,7.67,2025,1,241.6,2.94,17143,Diesel,Automatic,2,0.0,4,20.9,32687.94
Subaru,7.34,2022,4,204.6,1.27,62010,Petrol,Automatic,2,0.0,4,30.8,26986.91
Mazda,6.87,2014,12,191.6,2.39,165204,Petrol,Manual,3,0.0,4,26.5,8015.79
Subaru,7.44,2017,9,127.5,3.43,112557,Hybrid,Automatic,1,1.0,4,37.4,12947.06
Kia,6.81,2015,11,216.0,2.51,139130,Petrol,Automatic,3,0.0,4,25.9,9467.32
Chevrolet,6.52,2015,11,179.0,1.99,48116,Petrol,Automatic,1,0.0,4,21.4,13180.49
Honda,8.81,2013,13,197.9,1.0,169883,Diesel,Automatic,2,1.0,4,32.4,11088.95
Tesla,9.06,2010,16,373.7,3.81,191650,Petrol,Automatic,1,1.0,2,17.5,43000.06
Honda,7.43,2008,18,127.0,1.81,245232,Diesel,Automatic,2,0.0,4,31.5,2500.0
Ford,6.72,2017,9,218.3,2.05,88014,Petrol,Automatic,3,0.0,2,31.0,18730.97
Tesla,9.23,2022,4,313.6,3.69,58767,Diesel,Automatic,1,1.0,4,29.1,59958.45
Hyundai,7.91,2026,0,152.4,2.31,3275,Diesel,Manual,3,0.0,4,29.6,20060.85
Hyundai,6.89,2024,2,220.5,1.92,26049,Petrol,Automatic,2,0.0,4,27.5,25414.29
BMW,8.52,2022,4,351.3,3.11,47939,Petrol,Automatic,3,1.0,4,34.5,52675.85
Hyundai,7.52,2017,9,142.1,2.4,118275,Petrol,Manual,1,0.0,4,27.1,8071.6
Tesla,9.0,2023,3,251.8,3.86,43097,Petrol,Automatic,1,0.0,4,27.0,58948.78
BMW,8.3,2025,1,335.4,2.91,10432,Diesel,Automatic,2,0.0,4,26.5,59821.75
Volkswagen,6.64,2009,17,204.0,1.83,263188,Hybrid,Manual,2,0.0,4,42.4,4439.62
Toyota,8.31,2025,1,178.7,2.5,3024,Hybrid,Manual,1,0.0,4,45.2,30643.81
BMW,8.69,2012,14,259.9,2.73,241412,Diesel,Automatic,1,1.0,4,33.1,32119.51
BMW,8.55,2015,11,264.2,3.16,172893,Petrol,Automatic,1,0.0,4,34.8,41039.64
Ford,6.46,2016,10,232.1,2.01,182924,Hybrid,Automatic,1,1.0,4,40.2,12587.24
Toyota,8.97,2016,10,179.8,1.0,115689,Hybrid,Automatic,1,0.0,2,34.4,18519.47
Volkswagen,6.64,2020,6,197.6,2.14,109347,Hybrid,Automatic,3,0.0,4,32.9,23339.61
Chevrolet,6.78,2014,12,219.7,0.0,176077,Electric,Automatic,1,0.0,4,12.0,11774.19
Chevrolet,5.38,2023,3,181.4,1.25,43590,Petrol,Automatic,1,1.0,4,31.0,17492.19
Honda,8.46,2015,11,192.6,2.59,114532,Petrol,Automatic,1,1.0,4,25.0,15832.31
Hyundai,6.43,2013,13,449.4,0.0,175771,Electric,Automatic,3,0.0,4,12.0,20774.99
Honda,8.41,2024,2,149.8,2.35,19240,Petrol,Manual,1,0.0,4,23.8,24550.62
Tesla,9.06,2010,16,301.4,3.18,259940,Petrol,Manual,2,1.0,4,33.0,33938.69
Mercedes-Benz,10.0,2012,14,240.3,3.82,181664,Petrol,Automatic,3,0.0,4,33.4,40407.3
Tesla,9.64,2009,17,241.2,3.07,236738,Diesel,Automatic,2,0.0,2,36.0,34076.43
Lexus,9.41,2012,14,302.7,3.62,197209,Diesel,Automatic,2,0.0,4,29.6,39274.4
Mercedes-Benz,9.92,2024,2,275.6,3.56,22489,Petrol,Automatic,3,0.0,4,29.6,58875.65
Subaru,7.95,2024,2,196.0,2.98,25980,Petrol,Manual,1,1.0,2,22.4,29058.5
Mazda,7.44,2018,8,185.6,1.56,96382,Diesel,Automatic,1,1.0,4,31.3,17517.55
Subaru,7.07,2024,2,334.8,0.0,24467,Electric,Automatic,2,0.0,4,12.0,38850.78
BMW,8.51,2019,7,241.4,4.44,100122,Diesel,Automatic,3,0.0,4,26.7,46239.64
Ford,6.45,2018,8,145.8,1.25,107684,Hybrid,Automatic,1,0.0,4,31.9,15741.88
Toyota,8.97,2016,10,332.4,0.0,127703,Electric,Manual,1,,4,12.0,25523.31
Mercedes-Benz,8.97,2013,13,291.3,3.99,103747,Petrol,Automatic,1,0.0,4,34.1,46101.74
Toyota,8.9,2021,5,233.9,2.03,88285,Diesel,Automatic,2,1.0,4,28.5,24140.18
Ford,6.61,2023,3,212.1,0.0,45510,Electric,Automatic,4,1.0,4,12.0,23257.52
Lexus,8.58,2022,4,226.9,1.88,58133,Petrol,Automatic,1,0.0,2,,49540.29
Honda,8.66,2022,4,172.3,2.38,38433,Petrol,Automatic,1,0.0,4,30.5,25817.02
Audi,9.55,2011,15,406.4,0.0,199341,Electric,Automatic,1,0.0,2,12.0,40734.76
Mercedes-Benz,9.09,2020,6,301.2,0.0,50863,Electric,Automatic,1,0.0,4,12.0,56648.39
Toyota,9.0,2008,18,131.1,2.49,264519,Petrol,Manual,1,1.0,2,24.9,2500.0
Mercedes-Benz,8.48,2026,0,358.4,2.85,500,Hybrid,Manual,2,0.0,4,23.2,61237.3
Nissan,6.35,2014,12,255.2,1.76,212572,Petrol,Automatic,1,0.0,4,34.2,14146.77
Tesla,8.46,2014,12,282.0,4.16,142572,Petrol,Automatic,2,1.0,4,25.8,41847.58
Subaru,7.54,2024,2,167.8,1.44,32941,Diesel,Automatic,3,0.0,4,33.0,28262.94
Volkswagen,7.1,2014,12,282.3,0.0,174012,Electric,Automatic,2,1.0,2,12.0,17204.76
Mercedes-Benz,8.79,2022,4,237.0,3.46,52427,Hybrid,Manual,1,0.0,4,33.7,52628.74
Volkswagen,7.25,2022,4,192.7,1.08,53970,Hybrid,Automatic,3,1.0,4,41.3,26715.78
Subaru,8.0,2014,12,283.3,0.0,147294,Electric,Automatic,2,1.0,4,12.0,25453.6
Nissan,6.65,2011,15,191.7,1.74,103352,Petrol,Manual,1,,4,33.2,2861.61
Honda,8.45,2021,5,151.7,2.02,51719,Hybrid,Automatic,2,0.0,4,33.5,25569.87
Tesla,8.45,2023,3,289.9,0.0,39447,Electric,Automatic,2,1.0,2,12.0,54661.85
Ford,6.54,2019,7,172.5,1.47,64681,Petrol,Manual,2,1.0,4,25.3,11238.85
Ford,6.36,2026,0,140.6,1.51,500,Petrol,Automatic,2,0.0,4,28.8,22700.86
BMW,9.67,2017,9,312.1,3.8,120812,Petrol,Automatic,2,0.0,4,21.7,48253.18
Honda,7.4,2010,16,166.3,,234362,Diesel,Automatic,1,0.0,4,30.4,4517.81
Mazda,7.3,2021,5,193.8,1.3,41847,Hybrid,Automatic,1,0.0,4,42.7,24861.93
Chevrolet,5.77,2010,16,139.6,1.47,139701,Diesel,Automatic,3,2.0,4,32.7,2500.0
Toyota,8.38,2016,10,219.1,3.47,61912,Diesel,Automatic,1,1.0,4,32.4,20566.67
Nissan,6.52,2014,12,177.0,1.97,196636,Petrol,Automatic,3,1.0,4,27.7,2500.0
Kia,6.77,2021,5,174.8,1.5,58771,Petrol,Automatic,1,0.0,4,28.3,17224.36
Kia,6.23,2023,3,130.1,2.83,40574,Hybrid,Manual,1,0.0,4,50.6,19028.14
Chevrolet,6.75,2020,6,217.2,,74763,Petrol,Manual,1,0.0,4,25.9,13436.28
Toyota,8.63,2022,4,190.1,1.78,68258,Hybrid,Automatic,1,0.0,2,47.0,30566.07
Nissan,6.08,2017,9,192.6,1.76,105920,Petrol,Manual,2,0.0,4,33.5,10351.72
Tesla,8.42,2025,1,207.8,3.17,18114,Diesel,Automatic,2,0.0,4,27.6,55547.99
BMW,7.84,2016,10,291.2,3.7,130122,Petrol,Automatic,2,1.0,4,,41783.59
Volkswagen,6.97,2022,4,218.8,1.53,36413,Hybrid,Automatic,1,1.0,4,35.0,23983.14
Mazda,7.44,2021,5,189.3,2.21,42963,Petrol,Manual,2,0.0,4,28.0,22042.65
Kia,6.52,2022,4,194.0,2.01,56563,Hybrid,Automatic,2,0.0,4,40.9,23354.92
BMW,8.51,2013,13,249.4,2.02,134201,Petrol,Manual,1,0.0,4,20.3,35111.58
Toyota,8.41,2024,2,196.8,2.1,16690,Hybrid,Manual,1,0.0,4,35.8,29786.38
Volkswagen,7.16,2014,12,170.2,1.53,139574,Petrol,Automatic,4,0.0,4,25.9,11720.13
Subaru,8.02,2024,2,211.7,1.06,18008,Diesel,Automatic,1,0.0,4,33.3,31426.75
Tesla,9.28,2020,6,269.5,2.77,67172,Petrol,Automatic,1,1.0,4,26.6,52197.78
Lexus,9.63,2019,7,281.0,3.11,68422,Hybrid,Automatic,1,0.0,4,36.6,52752.56
Lexus,8.01,2023,3,343.0,3.94,34464,Hybrid,Automatic,1,0.0,4,,60489.53
Tesla,9.2,2025,1,192.6,0.0,9828,Electric,Automatic,1,0.0,4,12.0,57588.59
Kia,6.88,2012,14,196.3,1.98,117595,Petrol,Manual,1,1.0,4,26.7,6155.12
Nissan,6.48,2018,8,178.3,1.47,81101,Hybrid,Manual,1,2.0,4,34.3,7657.72
Kia,7.35,2026,0,129.8,1.43,500,Hybrid,Automatic,3,0.0,4,35.9,20904.44
Toyota,8.27,2020,6,208.3,1.96,74092,Diesel,Automatic,2,1.0,2,26.8,22584.27
Lexus,9.39,2013,13,257.9,3.17,180824,Petrol,Automatic,1,0.0,4,28.8,41060.07
Volkswagen,7.08,2013,13,198.1,2.38,113227,Petrol,Automatic,2,1.0,4,29.4,16031.64
Volkswagen,6.55,2011,15,200.3,3.0,200453,Petrol,Automatic,2,0.0,2,22.6,13224.71
Kia,6.29,2010,16,238.0,0.0,219350,Electric,Automatic,1,1.0,4,12.0,2500.0
Nissan,6.13,2018,8,214.3,2.75,94343,Petrol,Automatic,2,1.0,2,31.2,14900.93
Mazda,7.15,2022,4,166.2,1.22,52960,Petrol,Automatic,4,0.0,4,31.8,19354.72
Lexus,8.76,2021,5,306.0,3.14,66403,Diesel,Automatic,1,0.0,4,30.7,55646.46
Mazda,6.95,2024,2,160.2,2.43,29025,Petrol,Automatic,2,0.0,4,31.2,24648.43
Audi,8.57,2013,13,248.8,2.64,132267,Hybrid,Automatic,3,0.0,4,40.0,38556.96
Ford,7.18,2013,13,248.0,2.66,190373,Petrol,Manual,2,0.0,2,26.0,10275.3
Subaru,7.51,2023,3,329.7,0.0,28065,Electric,Automatic,3,0.0,4,12.0,39418.88
Honda,8.71,2014,12,166.0,2.75,217517,Petrol,Automatic,1,1.0,4,,11105.35
Subaru,7.92,2017,9,195.6,1.9,135249,Hybrid,Automatic,2,0.0,4,38.7,21150.71
Toyota,8.59,2011,15,156.5,1.84,142240,Hybrid,Manual,2,1.0,4,41.2,7354.74
Lexus,9.51,2008,18,323.4,4.23,290970,Petrol,Manual,4,0.0,4,19.1,28650.56
Chevrolet,6.31,2022,4,147.5,1.0,47583,Petrol,Automatic,2,0.0,4,33.9,21189.0
Honda,7.67,2021,5,173.0,2.14,80219,Petrol,Manual,3,0.0,4,31.2,20660.08
Toyota,8.63,2010,16,127.6,1.51,289859,Hybrid,Manual,3,0.0,4,36.1,2500.0
Ford,6.78,2023,3,171.5,1.0,40227,Petrol,Automatic,2,0.0,4,33.2,22645.12
Lexus,9.35,2010,16,298.6,2.7,173111,Petrol,Automatic,1,1.0,4,30.0,36751.95
Subaru,7.01,2021,5,281.6,0.0,62901,Electric,Manual,1,0.0,4,12.0,29981.33
Chevrolet,6.13,2019,7,174.9,3.04,54807,Hybrid,Automatic,1,1.0,4,47.7,15426.93
Mazda,6.54,2013,13,188.1,1.55,162074,Petrol,Automatic,1,0.0,2,22.7,8002.2
Lexus,9.38,2014,12,309.9,0.0,67754,Electric,Automatic,2,0.0,2,12.0,49359.8
BMW,9.49,2023,3,313.1,4.42,20966,Diesel,Manual,2,0.0,4,28.5,54718.81
Chevrolet,6.63,2019,7,226.1,2.02,74539,Hybrid,Manual,1,0.0,4,27.4,16966.89
Mercedes-Benz,9.14,2025,1,253.0,2.98,5394,Petrol,Automatic,1,0.0,4,34.7,58975.86
Mercedes-Benz,8.25,2008,18,298.4,2.92,175403,Petrol,Automatic,1,0.0,4,23.8,33734.39
Chevrolet,6.13,2021,5,203.9,2.19,62312,Petrol,Manual,3,0.0,4,24.4,16520.83
Honda,7.81,2014,12,181.0,2.18,80074,Petrol,Automatic,2,1.0,4,29.3,12446.38
Kia,7.17,2018,8,225.1,2.59,47434,Hybrid,Automatic,1,1.0,4,37.9,18332.02
Kia,7.11,2008,18,161.5,1.0,241743,Diesel,Automatic,1,0.0,4,32.1,2500.0
Honda,8.57,2023,3,206.7,2.5,19342,Petrol,Manual,1,1.0,4,26.4,27526.43
Lexus,9.53,2009,17,288.9,2.46,243651,Petrol,Automatic,1,0.0,4,31.5,35717.75
Subaru,7.78,2017,9,177.4,2.5,55845,Petrol,Manual,2,1.0,4,30.3,19548.11
Ford,6.69,2012,14,208.5,2.04,155878,Petrol,Manual,1,0.0,4,30.8,8044.3
Kia,6.31,2015,11,197.9,1.91,195511,Petrol,Automatic,1,1.0,4,28.0,6491.54
Volkswagen,6.82,2009,17,245.3,0.0,203900,Electric,Manual,1,3.0,4,12.0,2745.85
Lexus,9.1,2014,12,266.6,0.0,128115,Electric,Manual,1,0.0,4,12.0,43642.71
Toyota,8.94,2015,11,157.3,1.48,137417,Petrol,Manual,3,1.0,4,25.6,11129.65
Volkswagen,6.2,2012,14,172.9,1.25,190965,Diesel,Automatic,1,0.0,4,27.2,6009.04
Ford,6.83,2016,10,240.1,3.26,108687,Hybrid,Automatic,2,1.0,4,43.3,17189.77
Ford,5.5,2012,14,169.6,1.23,152756,Petrol,Automatic,1,1.0,2,26.1,4685.72
Chevrolet,5.75,2011,15,403.8,0.0,240876,Electric,Manual,2,1.0,4,12.0,10300.59
Ford,6.39,2014,12,199.4,1.28,165128,Hybrid,Manual,1,0.0,4,40.7,10746.34
Hyundai,6.97,2010,16,194.6,1.84,83022,Petrol,Automatic,2,1.0,4,31.5,6672.6
Mazda,7.16,2014,12,212.0,2.69,103929,Hybrid,Automatic,1,1.0,4,37.8,16535.93
BMW,9.53,2022,4,351.0,0.0,60823,Electric,Manual,1,0.0,4,12.0,55724.77
Kia,6.44,2025,1,120.0,1.86,11818,Petrol,Manual,1,0.0,4,29.6,17883.03
Tesla,8.88,2008,18,274.2,2.76,175186,Petrol,Automatic,1,1.0,4,26.8,37430.03
Chevrolet,6.4,2025,1,187.8,2.45,10107,Diesel,Automatic,1,0.0,4,24.4,22801.38
Volkswagen,6.38,2010,16,190.1,1.47,244084,Petrol,Automatic,2,1.0,4,17.0,2500.0
Lexus,10.0,2009,17,270.4,2.33,204018,Petrol,Automatic,1,0.0,4,24.6,35543.13
Subaru,7.32,2011,15,199.3,1.84,106217,Petrol,Manual,2,0.0,4,26.1,11776.96
Volkswagen,6.41,2009,17,222.2,2.46,218655,Petrol,Automatic,1,1.0,4,16.9,8477.64
Toyota,8.85,2020,6,212.3,1.24,63968,Hybrid,Automatic,1,0.0,4,41.4,28373.97
Toyota,9.06,2026,0,285.1,0.0,500,Electric,Automatic,1,0.0,4,12.0,41601.59
Hyundai,7.15,2008,18,205.9,1.87,313445,Hybrid,Automatic,3,0.0,4,35.6,2500.0
Mercedes-Benz,9.23,2013,13,320.9,3.19,139166,Petrol,Automatic,1,1.0,4,24.1,48234.85
Subaru,7.97,2022,4,194.8,2.11,72695,Petrol,Manual,3,0.0,4,29.3,27365.35
Mazda,7.85,2015,11,144.0,1.44,170827,Hybrid,Automatic,1,1.0,4,32.3,12675.58
Honda,7.81,2024,2,158.1,2.15,26861,Petrol,Manual,2,0.0,4,32.5,19162.39
BMW,8.51,2026,0,251.4,4.57,1396,Petrol,Manual,2,0.0,4,25.5,51722.65
Mazda,7.69,2011,15,215.4,2.39,111014,Diesel,Manual,3,0.0,4,22.9,12050.87
Chevrolet,6.92,2018,8,195.0,1.72,87442,Petrol,Automatic,4,0.0,4,24.1,15880.93
Mercedes-Benz,9.36,2016,10,333.9,2.7,117266,Petrol,Automatic,2,2.0,4,,49456.94
Toyota,7.89,2009,17,242.5,2.34,144514,Diesel,Automatic,1,3.0,4,22.2,9945.36
Toyota,8.33,2010,16,145.9,1.29,198473,Diesel,Manual,2,1.0,4,34.7,2500.0
Kia,6.19,2014,12,159.7,2.31,142820,Petrol,Manual,2,0.0,2,35.5,2853.63
Lexus,8.85,2012,14,283.6,2.64,185554,Diesel,Automatic,2,0.0,4,29.8,37969.84
Honda,8.41,2009,17,199.8,1.89,174356,Diesel,Automatic,1,0.0,4,31.8,11560.72
Toyota,8.88,2012,14,184.2,2.19,71217,Diesel,Automatic,2,0.0,4,24.6,18720.46
Nissan,6.26,2025,1,361.2,0.0,1771,Electric,Automatic,3,0.0,4,12.0,32568.04
Nissan,6.5,2012,14,196.2,3.37,157720,Hybrid,Manual,2,2.0,4,40.5,5402.31
Ford,6.62,2024,2,211.3,1.69,25229,Petrol,Manual,2,1.0,4,33.4,22793.27
Subaru,8.04,2025,1,190.3,2.6,17607,Petrol,Automatic,3,1.0,4,30.2,29180.28
Honda,7.98,2018,8,294.4,0.0,104470,Electric,Manual,1,0.0,4,12.0,23824.87
Nissan,5.91,2009,17,199.1,1.93,170109,Hybrid,Automatic,1,1.0,4,38.9,5136.52
Kia,7.19,2022,4,141.6,1.0,29856,Petrol,Manual,1,1.0,4,32.4,12630.46
Honda,8.4,2016,10,165.8,2.12,79313,Diesel,Automatic,2,0.0,4,27.6,15663.2
Subaru,7.28,2014,12,197.2,2.66,186937,Petrol,Automatic,1,0.0,4,27.5,16181.96
Mercedes-Benz,9.39,2009,17,226.1,3.41,203500,Diesel,Manual,1,1.0,2,32.6,31083.53
Mercedes-Benz,8.76,2022,4,289.6,2.38,32800,Diesel,Automatic,1,0.0,4,28.5,55758.52
Subaru,7.67,2010,16,148.8,2.07,110626,Hybrid,Manual,3,0.0,4,32.0,10618.93
Toyota,8.39,2010,16,206.8,1.44,174808,Hybrid,Manual,3,1.0,4,44.0,8228.48
Mazda,7.48,2011,15,193.7,3.27,179062,Petrol,Automatic,3,1.0,4,30.4,6723.84
Mercedes-Benz,8.61,2012,14,240.4,4.53,176135,Petrol,Manual,1,0.0,2,17.4,35693.34
Mazda,7.39,2014,12,254.0,2.2,172510,Petrol,Automatic,2,0.0,4,30.2,14582.94
Mazda,6.9,2017,9,184.4,3.09,158579,Petrol,Automatic,3,0.0,4,,14562.26
Subaru,7.53,2015,11,322.0,0.0,132992,Electric,Automatic,2,0.0,4,12.0,24731.9
Honda,7.55,2013,13,177.0,1.98,105950,Hybrid,Automatic,4,0.0,4,40.4,16314.87
Nissan,5.71,2017,9,178.0,2.06,114327,Diesel,Automatic,2,0.0,4,22.6,13093.48
Ford,6.41,2022,4,179.0,1.97,38724,Diesel,Automatic,2,1.0,4,18.7,18987.94
Chevrolet,6.71,2008,18,163.8,2.47,287531,Hybrid,Automatic,2,1.0,4,37.8,2500.0
Hyundai,6.33,2011,15,183.4,1.36,175774,Petrol,Automatic,1,1.0,4,28.0,2500.0
Hyundai,6.89,2016,10,231.5,2.18,152093,Hybrid,Automatic,3,2.0,4,34.1,11980.7
Hyundai,6.35,2013,13,207.0,1.81,153035,Petrol,Manual,2,1.0,4,27.4,3430.44
Chevrolet,5.89,2020,6,213.2,1.66,64024,Diesel,Automatic,1,1.0,4,32.3,19209.65
Toyota,9.14,2021,5,205.4,2.03,58210,Petrol,Automatic,1,0.0,4,26.2,30545.62
Chevrolet,6.37,2010,16,175.2,1.0,270757,Petrol,Manual,3,0.0,4,22.2,2500.0
Tesla,8.95,2026,0,274.9,1.46,500,Diesel,Automatic,3,0.0,2,23.6,59754.61
BMW,8.46,2011,15,298.4,2.44,174990,Hybrid,Automatic,3,0.0,4,32.5,37989.43
Honda,8.42,2023,3,191.4,1.69,36603,Diesel,Automatic,1,0.0,2,29.2,28111.26
Kia,7.12,2014,12,162.8,2.64,188760,Diesel,Automatic,2,0.0,4,,7498.0
Audi,8.36,2010,16,268.1,4.05,278326,Diesel,Automatic,1,0.0,4,25.9,32070.74
Hyundai,7.13,2020,6,143.4,2.24,54041,Petrol,Automatic,2,0.0,4,18.5,17512.01
Ford,6.11,2025,1,242.9,2.0,11167,Petrol,Manual,2,0.0,2,27.3,24471.37
Volkswagen,7.07,2010,16,189.1,2.18,243881,Petrol,Automatic,3,1.0,4,,2884.33
Hyundai,6.8,2013,13,195.1,1.65,140267,Petrol,Automatic,2,2.0,4,31.4,8485.63
Chevrolet,6.11,2022,4,176.8,3.14,63554,Petrol,Automatic,1,0.0,4,25.6,19573.42
Nissan,7.18,2020,6,181.6,1.0,77186,Petrol,Automatic,1,0.0,4,23.5,19478.11
Kia,6.02,2019,7,197.8,2.98,83275,Petrol,Manual,3,0.0,4,28.7,11197.89
Nissan,6.51,2011,15,160.0,,129565,Petrol,Automatic,2,0.0,4,33.3,2500.0
Volkswagen,7.29,2011,15,145.9,2.3,189692,Petrol,Automatic,4,0.0,4,30.0,6311.62
Volkswagen,6.53,2018,8,179.1,1.44,115799,Diesel,Automatic,3,0.0,4,20.4,17207.71
Hyundai,6.37,2021,5,176.9,1.71,73587,Petrol,Manual,3,1.0,4,24.3,15192.23
Nissan,6.31,2023,3,182.5,2.61,34505,Petrol,Manual,1,0.0,4,22.7,21837.36
Lexus,9.56,2018,8,222.0,2.46,107733,Petrol,Manual,1,0.0,2,28.2,42741.56
Kia,6.22,2012,14,215.0,1.1,95434,Petrol,Automatic,3,0.0,4,34.7,8571.91
Chevrolet,6.23,2010,16,171.5,2.54,203599,Diesel,Automatic,3,0.0,2,29.2,2500.0
Ford,6.77,2012,14,188.8,1.87,140910,Petrol,Automatic,1,1.0,4,24.8,9970.84
Hyundai,6.63,2014,12,213.1,1.42,140812,Petrol,Automatic,2,0.0,4,37.1,8146.29
Mercedes-Benz,9.34,2022,4,194.0,4.24,26133,Diesel,Automatic,1,1.0,2,,53053.84
Hyundai,6.55,2024,2,179.1,1.56,21086,Petrol,Automatic,2,0.0,4,27.5,20941.79
Hyundai,6.43,2020,6,304.4,0.0,83968,Electric,Automatic,1,0.0,4,12.0,25287.36
Subaru,7.55,2020,6,177.9,1.96,87665,Diesel,Manual,1,0.0,2,22.7,19853.09
BMW,8.25,2021,5,245.8,3.32,61720,Diesel,Automatic,1,0.0,4,25.9,48576.4
Subaru,8.16,2012,14,207.7,2.13,82457,Petrol,Automatic,2,0.0,4,32.0,18953.97
Ford,6.8,2009,17,157.0,2.88,276670,Petrol,Automatic,1,3.0,4,,2500.0
Tesla,8.93,2020,6,162.3,3.41,80837,Petrol,Automatic,3,0.0,4,33.7,46217.97
Ford,6.41,2026,0,195.8,2.04,2654,Petrol,Automatic,4,0.0,4,,23909.52
Nissan,6.85,2022,4,378.8,0.0,44441,Electric,Manual,1,0.0,4,12.0,30219.14
Honda,8.36,2010,16,216.1,2.17,144942,Diesel,Manual,2,0.0,4,27.1,8424.74
Honda,8.54,2019,7,167.3,1.06,103639,Petrol,Manual,3,0.0,4,30.0,18247.69
Hyundai,5.95,2018,8,243.8,1.07,117029,Petrol,Automatic,3,,4,29.1,14326.09
Subaru,8.56,2012,14,170.7,2.01,196713,Hybrid,Automatic,1,1.0,4,42.5,12440.53
Kia,6.59,2023,3,195.0,3.0,44296,Petrol,Automatic,1,0.0,4,24.0,21987.45
Hyundai,6.73,2008,18,180.0,3.27,283646,Hybrid,Automatic,2,1.0,4,35.9,2500.0
Nissan,6.73,2022,4,215.5,1.26,53515,Hybrid,Automatic,4,0.0,4,34.7,26740.85
Hyundai,7.13,2021,5,148.8,2.64,58461,Petrol,Automatic,1,0.0,4,23.6,17745.26
BMW,9.0,2008,18,211.2,2.85,202719,Petrol,Manual,1,2.0,2,32.5,22442.2
Subaru,7.73,2019,7,137.3,2.05,97044,Petrol,Automatic,2,1.0,4,26.4,20662.57
Subaru,7.63,2024,2,187.8,2.51,18590,Petrol,Manual,2,1.0,4,30.6,29025.06
Toyota,8.08,2015,11,156.5,2.95,99253,Hybrid,Automatic,3,1.0,4,34.7,14457.33
Volkswagen,6.69,2025,1,217.2,1.57,21348,Hybrid,Automatic,1,1.0,4,46.8,29481.19
Kia,6.63,2008,18,178.2,1.86,165020,Petrol,Automatic,1,0.0,4,30.4,2500.0
Honda,8.15,2009,17,298.7,0.0,142343,Electric,Automatic,1,1.0,4,12.0,16704.78
Honda,8.62,2016,10,155.4,2.53,79788,Petrol,Automatic,1,0.0,4,28.1,20163.19
Nissan,6.36,2011,15,183.7,1.04,163630,Petrol,Manual,2,0.0,4,34.2,2500.0
Toyota,8.46,2010,16,195.8,2.83,160475,Diesel,Automatic,3,0.0,4,30.2,14368.23
Mazda,7.38,2015,11,205.7,1.79,117238,Diesel,Automatic,1,0.0,4,24.6,16658.53
Subaru,7.85,2023,3,235.4,2.39,44070,Petrol,Automatic,1,0.0,4,27.0,29156.53
Hyundai,6.65,2009,17,317.9,0.0,174788,Electric,Automatic,1,0.0,4,12.0,12393.24
Subaru,7.55,2023,3,189.7,2.24,28361,Petrol,Automatic,1,1.0,4,35.0,26999.9
Subaru,7.54,2009,17,255.0,2.25,200626,Petrol,Manual,1,0.0,4,23.3,13413.23
Honda,8.27,2024,2,194.4,1.99,11483,Petrol,Automatic,1,0.0,4,23.6,31484.68
Volkswagen,6.9,2013,13,181.6,1.2,140141,Petrol,Automatic,4,0.0,2,25.8,11202.39
Kia,7.56,2014,12,214.5,1.0,129698,Hybrid,Automatic,1,0.0,4,35.2,12707.95
Hyundai,7.19,2016,10,194.2,1.0,79753,Hybrid,Manual,2,0.0,4,34.7,11820.56
Honda,8.75,2015,11,208.7,2.68,131861,Petrol,Manual,4,0.0,4,30.7,15410.81
Subaru,8.13,2019,7,133.0,1.89,85141,Petrol,Automatic,1,0.0,4,20.4,22450.14
Volkswagen,7.03,2013,13,177.4,2.81,162447,Petrol,Automatic,3,2.0,2,23.6,8739.68
Hyundai,6.86,2012,14,147.6,3.52,195428,Petrol,Manual,1,1.0,4,21.0,2500.0
Audi,8.81,2019,7,276.4,3.14,89305,Petrol,Manual,2,1.0,4,24.9,39759.02
Mazda,7.24,2025,1,198.6,1.05,14298,Petrol,Automatic,2,1.0,4,22.5,27931.13
Chevrolet,6.39,2014,12,180.8,1.3,161322,Petrol,Automatic,1,0.0,4,29.9,8075.7
Mazda,7.12,2016,10,118.6,2.55,146866,Petrol,Automatic,1,0.0,2,23.5,12488.4
Nissan,5.78,2009,17,195.0,2.85,185363,Petrol,Manual,1,1.0,4,32.6,2500.0
Mazda,7.61,2011,15,165.0,1.88,139082,Hybrid,Manual,1,3.0,4,37.8,6638.04
Subaru,7.22,2015,11,185.0,1.6,125407,Hybrid,Automatic,1,0.0,4,38.6,16682.12
Tesla,9.1,2022,4,285.4,3.26,61739,Hybrid,Automatic,4,1.0,4,39.4,56185.93
Tesla,8.59,2013,13,283.3,3.32,190803,Diesel,Automatic,1,1.0,4,37.2,42809.8
Subaru,7.95,2020,6,200.4,2.26,78451,Diesel,Automatic,1,,4,31.0,25487.23
Mazda,7.7,2018,8,193.8,1.56,130501,Petrol,Automatic,1,0.0,4,19.8,18993.65
Lexus,8.18,2018,8,300.4,4.43,93331,Diesel,Automatic,2,0.0,4,24.9,49013.33
Nissan,6.16,2018,8,232.9,1.67,60038,Hybrid,Automatic,2,0.0,4,35.2,20118.69
Toyota,8.28,2021,5,184.6,1.8,65923,Petrol,Automatic,4,0.0,4,26.3,22962.77
Toyota,8.09,2017,9,166.3,2.47,129389,Diesel,Manual,1,0.0,2,34.8,18306.55
Kia,6.72,2020,6,188.2,2.15,92457,Diesel,Manual,1,1.0,4,17.4,11565.8
Toyota,8.37,2014,12,187.8,2.28,170805,Petrol,Automatic,3,0.0,4,26.3,14208.82
Ford,6.18,2018,8,115.0,1.72,91868,Diesel,Automatic,1,1.0,4,34.3,11262.79
Mazda,7.16,2009,17,237.9,2.22,208928,Petrol,Automatic,1,0.0,4,34.0,9277.31
Honda,8.38,2014,12,144.5,2.19,139493,Petrol,Manual,1,0.0,4,28.2,11703.21
Toyota,8.94,2019,7,175.3,1.62,48214,Petrol,Manual,2,0.0,4,27.4,20091.21
Nissan,6.44,2025,1,200.3,3.29,12575,Petrol,Automatic,2,0.0,4,26.7,25077.87
Toyota,8.54,2008,18,161.3,2.13,210143,Diesel,Automatic,1,0.0,4,28.0,2553.76
Chevrolet,5.84,2021,5,319.5,0.0,83028,Electric,Automatic,3,0.0,4,12.0,23651.73
Toyota,8.42,2016,10,200.8,1.77,132890,Petrol,Automatic,3,2.0,4,17.0,11049.49
Honda,7.97,2008,18,221.5,2.68,293614,Petrol,Automatic,1,0.0,4,33.5,4667.58
Tesla,8.94,2019,7,248.6,2.63,95771,Petrol,Manual,3,0.0,4,31.8,46366.23
Mercedes-Benz,9.19,2017,9,321.4,4.75,85145,Petrol,Automatic,1,0.0,2,22.9,53391.59
Kia,5.91,2015,11,129.1,2.11,128339,Petrol,Manual,2,1.0,4,19.7,2500.0
Chevrolet,5.86,2023,3,224.0,2.44,39722,Diesel,Automatic,1,0.0,2,34.3,22932.86
Honda,8.3,2023,3,214.4,1.75,43212,Diesel,Automatic,1,0.0,4,26.2,31310.79
Nissan,6.9,2011,15,146.2,1.36,261105,Petrol,Automatic,2,1.0,4,27.8,2500.0
Mercedes-Benz,9.06,2020,6,232.3,4.14,55703,Petrol,Manual,1,0.0,4,23.9,48097.47
BMW,8.73,2017,9,354.0,3.44,82414,Petrol,Automatic,1,0.0,4,27.2,52241.86
Chevrolet,6.06,2013,13,223.2,1.23,85245,Diesel,Manual,3,0.0,4,27.4,6524.08
Chevrolet,6.14,2024,2,140.0,3.72,37200,Petrol,Automatic,2,0.0,4,27.9,21543.8
Ford,6.7,2015,11,195.1,2.57,163107,Petrol,Automatic,1,1.0,4,24.1,11887.78
Chevrolet,6.18,2019,7,140.9,2.64,59500,Petrol,Automatic,1,1.0,4,27.2,15099.29
Mazda,6.82,2010,16,215.1,2.39,194701,Diesel,Automatic,1,1.0,4,23.3,4329.48
Volkswagen,7.07,2019,7,111.0,1.78,63411,Diesel,Automatic,2,0.0,2,26.3,17451.44
Mazda,7.38,2018,8,195.1,1.56,99984,Hybrid,Manual,1,0.0,4,35.5,17835.11
Volkswagen,7.6,2021,5,260.4,1.6,74241,Hybrid,Automatic,1,1.0,4,37.8,27042.55
Ford,6.98,2009,17,200.5,1.87,293308,Petrol,Automatic,1,0.0,4,27.1,2500.0
Toyota,7.95,2012,14,189.3,1.63,164529,Hybrid,Manual,3,0.0,4,41.9,9095.29
Volkswagen,7.86,2023,3,157.0,1.0,19586,Hybrid,Automatic,1,0.0,4,28.6,28465.99
Chevrolet,6.53,2008,18,190.5,2.83,192967,Diesel,Automatic,2,0.0,4,30.0,6261.37
Ford,6.35,2019,7,268.4,0.0,38768,Electric,Automatic,3,0.0,2,12.0,23804.64
Lexus,9.14,2017,9,268.2,4.02,103483,Diesel,Manual,3,0.0,4,32.3,45165.57
Volkswagen,6.48,2014,12,189.4,2.95,186787,Petrol,Automatic,2,1.0,4,24.7,10944.44
Hyundai,6.49,2018,8,181.3,2.09,84973,Hybrid,Automatic,2,0.0,4,31.7,14515.44
Toyota,8.78,2008,18,179.4,1.77,145254,Diesel,Manual,2,0.0,4,32.4,7119.12
Honda,7.79,2020,6,169.5,1.67,53425,Petrol,Automatic,2,0.0,4,33.2,20462.79
Mercedes-Benz,8.27,2023,3,290.5,4.28,22930,Petrol,Manual,1,0.0,4,32.4,52674.0
Tesla,8.49,2011,15,273.1,4.0,236108,Diesel,Manual,1,0.0,4,30.0,37389.14
Ford,6.38,2017,9,208.7,1.76,115575,Petrol,Automatic,1,0.0,4,30.9,14941.35
BMW,8.93,2010,16,245.2,3.58,277697,Petrol,Automatic,1,2.0,4,40.2,27048.62
Mazda,7.06,2009,17,194.1,1.55,148012,Petrol,Automatic,2,0.0,4,25.0,7516.77
Mercedes-Benz,9.53,2013,13,357.7,2.8,169795,Diesel,Manual,1,0.0,4,27.4,45582.97
Toyota,8.69,2026,0,157.5,,500,Petrol,Automatic,2,0.0,4,30.4,33597.98
Honda,8.06,2019,7,148.2,2.17,91298,Hybrid,Automatic,1,0.0,4,33.1,22282.17
Nissan,6.26,2010,16,166.1,2.0,258946,Petrol,Automatic,1,0.0,4,30.9,2500.0
Volkswagen,7.36,2024,2,225.1,1.24,25723,Petrol,Automatic,1,1.0,4,28.2,29361.32
Subaru,8.05,2020,6,153.8,1.89,58289,Petrol,Automatic,1,0.0,4,28.1,24204.41
Hyundai,6.83,2019,7,177.7,1.73,109734,Diesel,Manual,3,1.0,4,30.7,8921.16
Ford,6.09,2017,9,163.0,2.39,131252,Petrol,Automatic,1,1.0,2,35.6,9190.07
Hyundai,7.34,2012,14,322.4,0.0,241329,Electric,Manual,3,1.0,4,12.0,6851.67
BMW,8.89,2021,5,227.5,4.1,58877,Petrol,Automatic,1,0.0,2,30.0,49813.66
Mazda,7.4,2018,8,213.8,2.97,100857,Diesel,Automatic,3,0.0,4,36.1,19201.13
Chevrolet,5.97,2018,8,227.1,1.22,92465,Petrol,Automatic,1,0.0,4,31.6,19012.35
Ford,5.97,2013,13,302.3,0.0,164414,Electric,Manual,2,0.0,4,12.0,14676.39
Mazda,7.19,2020,6,178.8,2.49,61557,Diesel,Manual,3,0.0,4,33.0,18209.38
Subaru,8.45,2008,18,179.6,2.14,228979,Petrol,Automatic,3,1.0,4,32.7,4005.16
Subaru,7.46,2015,11,135.5,2.78,83847,Diesel,Automatic,1,2.0,2,23.3,15339.61
Tesla,8.13,2012,14,302.6,2.91,163793,Petrol,Automatic,3,1.0,4,25.8,40757.67
Subaru,7.62,2026,0,182.8,1.69,3830,Petrol,Automatic,1,0.0,4,27.1,32817.91
Mazda,6.71,2020,6,181.5,1.0,65353,Petrol,Automatic,2,1.0,4,29.4,14453.55
Volkswagen,6.87,2009,17,195.0,1.0,147246,Petrol,Automatic,2,0.0,4,26.3,7894.76
Subaru,7.76,2018,8,193.0,3.97,52594,Petrol,Automatic,1,0.0,4,20.4,30155.64
Honda,7.8,2017,9,187.3,1.26,93085,Hybrid,Automatic,3,0.0,2,37.9,20570.68
Mercedes-Benz,8.71,2016,10,262.4,0.0,121343,Electric,Automatic,2,3.0,4,12.0,41387.54
Mercedes-Benz,9.32,2012,14,299.9,3.63,100104,Petrol,Automatic,2,0.0,4,33.3,45588.45
Honda,8.75,2021,5,140.9,3.0,63294,Petrol,Automatic,1,1.0,4,33.8,24596.33
Kia,6.55,2026,0,185.8,2.4,500,Diesel,Automatic,1,0.0,4,28.8,23888.08
Tesla,8.98,2015,11,390.4,3.29,87643,Hybrid,Automatic,1,0.0,4,34.1,56251.78
Lexus,9.28,2014,12,218.8,3.56,107226,Petrol,Automatic,1,1.0,4,42.5,40798.39
Ford,6.22,2011,15,217.6,1.43,207630,Petrol,Automatic,1,0.0,4,,5200.68
Chevrolet,6.41,2015,11,194.0,1.46,123081,Hybrid,Automatic,2,0.0,2,28.1,10660.31
Mazda,7.62,2011,15,122.6,1.94,186252,Petrol,Manual,1,1.0,4,27.8,2500.0
Volkswagen,6.65,2011,15,143.5,1.9,153530,Hybrid,Automatic,1,2.0,4,32.8,9593.13
Hyundai,5.7,2011,15,182.6,2.73,161139,Hybrid,Manual,4,2.0,4,52.9,2500.0
Honda,8.09,2010,16,257.3,0.0,300870,Electric,Automatic,1,0.0,4,12.0,8249.99
Chevrolet,6.35,2016,10,178.6,3.31,107517,Diesel,Automatic,2,0.0,4,25.3,15462.76
Chevrolet,5.98,2015,11,152.2,1.47,131158,Petrol,Automatic,2,0.0,4,32.2,4825.21
Kia,6.51,2023,3,190.7,2.96,47799,Petrol,Manual,1,1.0,2,,17048.62
BMW,9.68,2022,4,283.2,4.02,79040,Petrol,Manual,2,0.0,4,36.6,49371.7
Ford,6.61,2023,3,234.8,1.41,38038,Hybrid,Automatic,1,1.0,4,33.4,25384.42
BMW,8.83,2022,4,268.9,2.84,61489,Petrol,Automatic,2,0.0,4,25.9,47402.77
Toyota,8.08,2017,9,194.5,1.0,68959,Hybrid,Automatic,3,0.0,4,37.0,22251.68
Volkswagen,7.33,2013,13,166.0,2.85,116549,Diesel,Automatic,1,0.0,2,25.8,16724.66
Honda,9.11,2017,9,273.4,0.0,118694,Electric,Automatic,3,1.0,4,12.0,20346.14
Volkswagen,6.66,2018,8,189.4,2.13,91605,Petrol,Automatic,1,1.0,4,22.9,17428.65
Subaru,7.71,2013,13,148.6,2.1,107419,Petrol,Automatic,2,0.0,4,32.0,16244.6
Audi,9.04,2014,12,295.4,2.03,114429,Petrol,Automatic,3,1.0,4,24.6,36794.0
Volkswagen,7.01,2008,18,177.4,3.16,215436,Petrol,Automatic,4,1.0,2,24.0,3143.89
Hyundai,6.52,2017,9,164.4,2.15,77410,Petrol,Automatic,1,1.0,4,38.1,13044.26
Mercedes-Benz,9.28,2013,13,249.6,3.2,229216,Hybrid,Manual,1,1.0,4,34.5,40950.99
Subaru,7.38,2021,5,186.2,2.44,71372,Petrol,Automatic,2,0.0,4,32.0,25278.0
Honda,8.07,2017,9,174.2,1.0,131407,Petrol,Manual,2,0.0,4,27.9,13035.87
Toyota,7.95,2010,16,193.4,2.74,210405,Hybrid,Manual,1,0.0,4,39.9,9434.31
Ford,6.08,2020,6,153.9,,75162,Petrol,Automatic,1,0.0,4,27.5,17787.72
Toyota,8.91,2014,12,202.5,0.0,155175,Electric,Automatic,2,0.0,4,12.0,20847.24
Subaru,8.58,2020,6,195.8,1.8,80670,Petrol,Automatic,1,0.0,4,31.4,27540.09
Kia,6.71,2023,3,219.5,2.12,22541,Petrol,Automatic,2,0.0,4,30.5,24607.14
Audi,8.85,2008,18,258.5,0.0,297124,Electric,Automatic,3,1.0,4,12.0,22349.74
Hyundai,6.66,2009,17,191.2,1.38,190686,Petrol,Manual,1,0.0,2,19.7,2500.0
Mazda,7.39,2012,14,123.9,1.13,228407,Hybrid,Manual,1,1.0,4,46.5,2500.0
Chevrolet,5.52,2008,18,186.3,3.03,163969,Diesel,Automatic,1,0.0,4,31.9,2500.0
Toyota,8.71,2012,14,140.2,1.32,160845,Petrol,Automatic,1,0.0,4,30.7,9777.16
Hyundai,7.06,2011,15,191.6,2.06,193343,Diesel,Automatic,2,0.0,4,25.0,5493.38
Volkswagen,7.52,2024,2,154.1,1.68,34058,Diesel,Automatic,1,0.0,4,24.7,25927.95
Ford,7.58,2014,12,214.5,3.09,218844,Petrol,Manual,1,0.0,4,,8336.36
Subaru,7.03,2011,15,161.3,1.16,183184,Petrol,Automatic,3,2.0,4,21.7,5309.09
Audi,8.06,2024,2,290.3,3.33,25904,Diesel,Automatic,1,0.0,4,32.7,54394.99
Subaru,6.82,2019,7,224.5,1.0,129062,Hybrid,Automatic,1,1.0,4,36.4,24754.07
Volkswagen,7.17,2019,7,212.1,2.55,112469,Diesel,Manual,1,1.0,4,30.4,15405.05
Subaru,7.49,2011,15,200.3,2.49,239859,Diesel,Automatic,1,0.0,4,25.3,12823.64
Subaru,7.36,2010,16,147.7,1.85,250396,Diesel,Automatic,1,0.0,4,22.3,4342.38
Audi,9.11,2021,5,331.3,4.67,53480,Petrol,Automatic,3,0.0,4,33.4,50209.24
Subaru,8.06,2020,6,198.2,1.75,105238,Petrol,Automatic,1,0.0,2,25.7,25694.18
Volkswagen,7.34,2017,9,242.5,0.0,145138,Electric,Automatic,2,0.0,4,12.0,23085.52
Kia,6.91,2022,4,269.1,0.0,49870,Electric,Automatic,1,0.0,2,12.0,24832.05
Tesla,9.01,2011,15,329.3,3.96,163956,Diesel,Automatic,2,2.0,4,24.1,42570.3
Volkswagen,6.68,2017,9,197.7,1.82,179116,Diesel,Automatic,3,0.0,4,18.0,13719.38
BMW,8.57,2019,7,287.5,2.35,97788,Hybrid,Manual,2,0.0,4,40.8,44189.31
Hyundai,7.37,2016,10,177.3,2.22,113132,Diesel,Automatic,1,0.0,4,23.5,13921.94
Mazda,7.99,2010,16,106.4,3.71,226928,Petrol,Automatic,2,0.0,4,27.8,5757.83
Hyundai,6.77,2013,13,200.9,2.72,133081,Petrol,Automatic,2,1.0,4,18.6,7952.87
Subaru,7.78,2012,14,187.3,2.0,130149,Petrol,Manual,3,0.0,4,27.3,13708.62
Ford,6.85,2013,13,168.3,1.0,148187,Petrol,Automatic,1,0.0,4,18.0,7719.92
Chevrolet,6.63,2009,17,114.5,2.2,194661,Petrol,Automatic,4,1.0,4,32.2,2500.0
Mercedes-Benz,8.79,2026,0,337.2,3.37,500,Petrol,Manual,1,0.0,4,35.7,62516.2
Mercedes-Benz,9.41,2016,10,289.2,3.73,120653,Diesel,Automatic,1,1.0,4,24.2,44850.0
Toyota,8.27,2009,17,165.6,2.18,197608,Petrol,Automatic,3,0.0,4,,8120.82
Toyota,8.31,2025,1,171.1,2.12,12833,Petrol,Automatic,1,0.0,4,30.9,29862.15
Honda,7.57,2010,16,179.4,1.0,210803,Petrol,Automatic,1,0.0,4,33.9,5037.89
Chevrolet,5.98,2011,15,297.3,0.0,179115,Electric,Automatic,1,0.0,2,12.0,11867.74
Toyota,8.49,2011,15,191.4,1.76,143555,Petrol,Automatic,1,,4,28.5,14828.74
Mercedes-Benz,8.5,2024,2,262.2,3.07,16299,Diesel,Manual,4,0.0,4,29.6,50678.99
Mazda,7.79,2022,4,238.9,2.75,67173,Petrol,Automatic,2,0.0,4,23.9,27847.75
Kia,6.29,2020,6,185.4,1.2,48482,Hybrid,Automatic,3,0.0,4,39.9,16752.95
Volkswagen,6.53,2011,15,178.0,2.22,87033,Diesel,Automatic,2,0.0,4,30.8,11265.31
Chevrolet,5.8,2018,8,188.5,2.05,92089,Petrol,Manual,2,2.0,4,24.8,5762.07
Volkswagen,7.47,2016,10,222.6,1.24,144026,Petrol,Manual,2,0.0,4,30.8,14537.47
Nissan,6.18,2013,13,230.9,0.0,186949,Electric,Automatic,1,1.0,4,12.0,7121.66
Subaru,8.61,2025,1,285.1,0.0,16683,Electric,Automatic,1,1.0,2,12.0,37242.53
Mazda,6.8,2024,2,140.4,2.79,25798,Hybrid,Automatic,2,0.0,2,37.7,24993.33
Subaru,8.33,2008,18,182.2,1.81,327570,Petrol,Manual,2,0.0,4,28.4,2500.0
Honda,8.07,2009,17,173.6,,229350,Petrol,Automatic,2,0.0,4,22.9,2500.0
Lexus,9.34,2025,1,299.4,3.33,8660,Petrol,Manual,1,0.0,4,19.6,57408.92
Mazda,6.96,2014,12,237.8,1.0,160024,Petrol,Manual,3,1.0,2,31.2,7938.01
Audi,8.74,2018,8,276.3,2.78,115281,Petrol,Automatic,3,1.0,4,24.0,47012.67
Tesla,9.02,2022,4,282.8,3.07,47990,Petrol,Automatic,2,0.0,2,42.1,57646.11
Kia,6.4,2018,8,185.7,2.13,46529,Diesel,Automatic,2,1.0,2,22.1,12292.12
Audi,8.03,2014,12,292.2,4.15,144596,Diesel,Automatic,2,0.0,4,28.3,41076.82
BMW,9.4,2013,13,329.9,0.0,116543,Electric,Automatic,1,2.0,2,12.0,41760.98
Chevrolet,6.34,2014,12,274.6,0.0,115651,Electric,Manual,1,0.0,4,12.0,14214.69
Audi,8.84,2019,7,261.9,2.64,110613,Hybrid,Manual,1,0.0,4,41.8,38939.59
Hyundai,6.89,2018,8,145.7,2.38,62472,Hybrid,Automatic,4,,4,31.0,15857.64
Volkswagen,6.39,2025,1,237.3,1.38,9008,Petrol,Automatic,1,1.0,4,29.2,30386.13
Chevrolet,6.03,2019,7,205.0,1.75,105335,Petrol,Automatic,4,0.0,2,30.2,14296.48
Honda,8.3,2024,2,329.2,0.0,16114,Electric,Automatic,2,1.0,4,12.0,38879.64
Honda,8.39,2024,2,184.1,2.59,33096,Petrol,Manual,2,0.0,4,31.8,26778.07
Mazda,7.03,2018,8,193.8,2.58,109470,Petrol,Automatic,3,1.0,4,37.5,15424.28
Chevrolet,5.8,2014,12,270.0,0.0,102200,Electric,Manual,2,1.0,4,12.0,11803.93
Audi,8.57,2018,8,346.1,3.39,96253,Hybrid,Automatic,1,1.0,4,40.4,48320.8
Tesla,8.51,2016,10,278.6,3.27,136506,Petrol,Manual,2,0.0,4,23.0,46298.98
Mazda,8.19,2011,15,141.6,3.09,156830,Petrol,Automatic,1,0.0,4,26.7,9879.54
Chevrolet,6.07,2022,4,217.9,2.49,57021,Petrol,Automatic,1,0.0,4,26.0,22780.31
BMW,8.99,2021,5,220.9,2.76,46099,Diesel,Automatic,1,0.0,4,32.3,47878.61
Toyota,8.38,2014,12,197.6,1.66,90787,Petrol,Automatic,1,0.0,4,24.9,23629.7
BMW,9.48,2017,9,312.1,3.47,94133,Petrol,Automatic,1,0.0,2,20.6,49255.75
Kia,7.11,2021,5,221.4,2.29,73683,Petrol,Automatic,3,1.0,4,33.7,21167.71
Chevrolet,6.76,2010,16,152.1,1.89,317163,Petrol,Manual,1,0.0,4,37.2,2500.0
Mazda,7.56,2024,2,179.4,1.0,29579,Diesel,Automatic,3,0.0,4,31.4,26113.83
Ford,6.69,2013,13,334.1,0.0,133454,Electric,Automatic,1,0.0,4,12.0,21052.87
BMW,8.48,2008,18,279.3,3.19,188112,Petrol,Automatic,2,1.0,4,25.8,30057.73
Volkswagen,7.25,2016,10,183.2,2.43,109815,Petrol,Automatic,1,1.0,4,26.0,16326.62
Mercedes-Benz,9.84,2022,4,171.0,3.54,50047,Petrol,Manual,1,0.0,4,27.4,47635.99
Mazda,7.78,2026,0,184.9,2.02,7115,Petrol,Manual,1,1.0,4,29.0,26824.45
Tesla,8.84,2018,8,323.4,2.57,75655,Petrol,Manual,1,0.0,4,,51137.88
Mazda,7.27,2024,2,166.8,2.22,13060,Petrol,Manual,3,1.0,2,32.5,19781.18
Mazda,7.55,2016,10,217.1,2.74,78990,Petrol,Automatic,4,0.0,4,,17726.88
Hyundai,6.35,2009,17,155.4,1.49,230578,Petrol,Automatic,1,0.0,4,28.4,2500.0
Honda,8.6,2013,13,309.6,0.0,123122,Electric,Automatic,2,0.0,4,12.0,26146.13
Mercedes-Benz,9.02,2012,14,265.9,3.54,149292,Petrol,Manual,3,2.0,4,34.8,32405.07
Toyota,8.15,2016,10,217.7,1.61,158114,Hybrid,Automatic,1,0.0,2,38.3,21885.34
Mazda,7.66,2010,16,186.2,3.59,164690,Petrol,Automatic,2,0.0,4,20.6,11593.15
Hyundai,6.69,2019,7,243.9,2.75,95384,Diesel,Manual,1,0.0,4,34.6,15536.17
Kia,6.34,2013,13,169.1,2.44,116425,Diesel,Automatic,4,1.0,4,23.4,2718.41
Subaru,7.57,2017,9,192.8,2.26,93240,Diesel,Automatic,3,0.0,4,,19773.59
Honda,7.75,2023,3,211.5,1.01,14263,Hybrid,Automatic,2,1.0,4,33.8,29666.78
Nissan,5.99,2017,9,218.8,1.0,104176,Petrol,Automatic,3,1.0,4,28.6,9651.05
Tesla,9.58,2008,18,342.8,3.82,223307,Diesel,Manual,2,4.0,4,24.7,33272.08
Subaru,7.61,2022,4,187.3,1.63,42690,Hybrid,Manual,1,0.0,4,42.5,25520.98
Chevrolet,6.18,2024,2,210.0,1.85,21353,Petrol,Automatic,1,0.0,4,29.2,24443.14
Volkswagen,6.56,2024,2,281.3,0.0,19283,Electric,Manual,4,0.0,2,12.0,30896.22
Toyota,9.02,2015,11,171.4,2.57,77960,Petrol,Manual,2,0.0,4,24.4,18131.25
Ford,6.37,2018,8,157.7,2.82,87801,Hybrid,Automatic,2,0.0,4,40.5,21009.27
Subaru,7.61,2023,3,177.5,2.33,30011,Petrol,Automatic,2,0.0,4,29.5,28828.01
Audi,8.19,2019,7,260.7,4.0,27733,Diesel,Automatic,1,0.0,2,19.2,46393.32
Subaru,8.24,2013,13,166.8,3.1,109653,Diesel,Manual,2,0.0,2,26.7,14158.71
Mazda,7.14,2022,4,125.7,1.15,11070,Petrol,Manual,1,1.0,4,23.9,15029.15
Subaru,7.77,2022,4,165.8,1.62,43922,Diesel,Automatic,1,1.0,4,26.8,22774.51
Toyota,8.4,2016,10,162.4,1.09,118156,Petrol,Automatic,1,0.0,4,33.5,13331.95
BMW,9.0,2012,14,281.4,4.4,246139,Petrol,Automatic,2,3.0,4,30.3,32596.44
Ford,6.08,2010,16,231.4,1.53,121453,Petrol,Automatic,1,1.0,4,21.1,6536.0
Audi,9.27,2012,14,354.4,2.95,185547,Diesel,Automatic,1,1.0,4,27.4,38553.34
Kia,6.95,2008,18,195.5,3.31,196733,Diesel,Manual,1,0.0,4,20.6,2500.0
Volkswagen,7.3,2026,0,135.4,2.19,500,Petrol,Automatic,2,1.0,4,27.1,23377.58
Mercedes-Benz,9.24,2023,3,342.8,1.95,29205,Hybrid,Automatic,1,2.0,4,34.8,56798.06
Mazda,7.84,2011,15,156.9,1.69,153931,Hybrid,Automatic,1,,4,34.4,10945.94
Tesla,8.51,2020,6,306.7,2.95,96082,Hybrid,Automatic,1,0.0,4,32.2,54619.96
Toyota,8.39,2024,2,220.4,2.41,14037,Hybrid,Automatic,2,0.0,2,40.8,34377.22
BMW,9.5,2016,10,276.0,3.34,156054,Diesel,Manual,1,1.0,4,27.6,38537.75
Mazda,7.08,2016,10,144.4,1.74,110305,Petrol,Automatic,2,,4,36.1,13115.67
Volkswagen,7.34,2010,16,139.0,1.0,206927,Diesel,Automatic,3,0.0,4,29.7,2500.0
Toyota,8.63,2023,3,331.9,0.0,42834,Electric,Automatic,2,0.0,4,12.0,36259.52
Mazda,6.86,2011,15,254.5,2.31,149242,Petrol,Automatic,1,0.0,4,33.2,13108.06
BMW,9.08,2017,9,295.3,2.87,130858,Petrol,Manual,2,0.0,4,29.7,41663.56
Nissan,6.67,2022,4,152.6,2.48,47158,Petrol,Automatic,1,0.0,4,36.0,20503.13
Ford,6.66,2019,7,209.3,1.37,88274,Diesel,Automatic,2,0.0,4,23.5,16267.13
Nissan,6.13,2013,13,201.5,2.05,97995,Petrol,Automatic,4,1.0,2,29.0,8687.64
Toyota,8.76,2013,13,154.7,1.14,178029,Diesel,Automatic,1,1.0,4,41.0,8336.81
Volkswagen,6.5,2010,16,191.6,1.16,239304,Hybrid,Manual,1,1.0,4,35.9,3241.82
Chevrolet,6.35,2022,4,215.7,3.44,65663,Petrol,Automatic,2,1.0,4,23.2,23601.0
Chevrolet,6.64,2021,5,158.9,1.47,42770,Petrol,Automatic,1,1.0,4,34.6,17356.8
Mazda,7.65,2014,12,244.6,1.19,117393,Diesel,Automatic,2,0.0,4,28.5,18264.34
Hyundai,6.74,2014,12,143.5,2.16,182468,Hybrid,Automatic,2,0.0,2,38.2,5313.98
Audi,8.58,2022,4,290.2,3.28,40309,Petrol,Automatic,1,0.0,2,39.7,50971.95
Honda,8.41,2017,9,335.5,0.0,108458,Electric,Automatic,1,2.0,4,12.0,28273.41
Honda,8.54,2026,0,227.3,1.99,500,Petrol,Automatic,3,0.0,2,33.1,32572.44
Mazda,7.49,2023,3,129.1,2.41,22749,Hybrid,Manual,1,0.0,4,43.1,21220.64
Chevrolet,6.14,2012,14,199.6,2.18,140520,Diesel,Manual,3,1.0,4,32.7,3666.4
Hyundai,6.96,2019,7,271.7,0.0,59638,Electric,Automatic,2,1.0,4,12.0,23153.72
Chevrolet,6.06,2016,10,196.9,1.9,139559,Hybrid,Manual,2,0.0,4,36.6,13752.17
Ford,6.68,2025,1,166.4,1.0,11926,Petrol,Automatic,1,0.0,2,27.1,20831.36
Mazda,7.75,2009,17,224.4,3.52,246020,Diesel,Automatic,3,2.0,4,30.9,4335.99
BMW,8.94,2019,7,263.1,4.39,84716,Hybrid,Automatic,2,1.0,2,31.2,45837.85
Chevrolet,6.17,2011,15,155.0,1.14,160869,Petrol,Automatic,2,1.0,4,31.8,2500.0
BMW,9.47,2021,5,221.8,2.95,49064,Hybrid,Manual,1,2.0,4,32.0,44644.5
Hyundai,7.14,2008,18,287.4,0.0,263507,Electric,Automatic,1,0.0,4,12.0,5243.95
Chevrolet,6.37,2020,6,168.9,2.07,47149,Diesel,Manual,1,0.0,4,34.2,12781.18
Lexus,8.4,2008,18,255.8,3.25,246829,Petrol,Automatic,2,0.0,4,27.5,28039.12
Subaru,7.31,2015,11,198.1,2.75,136961,Diesel,Automatic,1,1.0,4,28.6,15013.27
Subaru,8.33,2013,13,226.4,2.06,193982,Diesel,Automatic,4,0.0,2,25.7,15216.41
BMW,8.99,2009,17,260.8,3.75,219046,Diesel,Manual,2,0.0,4,25.0,27438.31
Kia,7.01,2025,1,124.2,2.65,14664,Petrol,Automatic,1,0.0,4,33.6,21986.02
Volkswagen,7.5,2008,18,141.1,2.06,235159,Petrol,Automatic,2,0.0,2,29.2,2500.0
Audi,8.4,2011,15,204.2,4.0,155261,Petrol,Automatic,2,1.0,4,25.3,27208.43
Volkswagen,6.73,2017,9,146.5,2.02,60108,Hybrid,Automatic,1,0.0,4,33.8,20201.82
Kia,6.35,2022,4,213.8,1.0,29486,Diesel,Manual,2,0.0,4,20.3,15376.61
Chevrolet,6.55,2014,12,308.0,0.0,128409,Electric,Automatic,2,0.0,2,12.0,19912.94
Nissan,6.74,2011,15,131.3,2.53,193416,Petrol,Automatic,1,1.0,4,29.2,3483.85
Chevrolet,5.65,2020,6,208.7,1.99,57724,Petrol,Automatic,1,0.0,4,21.3,19309.9
Lexus,9.5,2021,5,317.1,3.05,36475,Diesel,Automatic,1,0.0,4,25.5,55497.47
Mazda,7.05,2020,6,203.1,1.58,73409,Hybrid,Automatic,1,0.0,4,40.9,22441.91
Nissan,6.57,2018,8,165.2,3.02,90755,Diesel,Automatic,1,0.0,4,29.5,14989.89
Ford,6.71,2014,12,201.0,1.87,175698,Petrol,Automatic,3,1.0,4,18.7,10010.48
Tesla,9.67,2024,2,277.2,,36659,Diesel,Automatic,2,0.0,4,21.7,60356.19
Nissan,6.04,2014,12,376.7,0.0,210169,Electric,Manual,3,0.0,4,,17039.2
Honda,8.33,2021,5,148.7,1.19,58772,Hybrid,Automatic,1,0.0,4,42.5,17961.71
Nissan,5.64,2022,4,217.1,2.62,57479,Diesel,Manual,4,0.0,4,38.5,16353.51
Mazda,8.26,2026,0,192.2,1.14,4999,Petrol,Manual,1,,4,29.7,27984.69
Tesla,8.6,2022,4,267.4,2.7,59369,Petrol,Automatic,2,0.0,4,30.9,49653.06
Toyota,8.06,2016,10,197.0,2.53,158055,Petrol,Manual,3,0.0,4,26.5,11887.53
Ford,5.99,2021,5,95.0,1.78,20945,Hybrid,Automatic,1,0.0,4,38.4,18392.99
Subaru,8.0,2016,10,192.1,1.82,195960,Diesel,Automatic,4,0.0,4,34.2,15969.56
Honda,8.5,2019,7,180.8,1.45,73134,Hybrid,Automatic,3,0.0,4,28.9,26658.47
Honda,7.29,2015,11,209.6,1.96,105922,Petrol,Automatic,1,0.0,4,,17884.57
Subaru,7.6,2026,0,194.0,1.13,1342,Petrol,Automatic,1,1.0,4,27.1,30906.95
BMW,9.87,2014,12,285.2,3.98,180121,Diesel,Automatic,1,0.0,2,35.7,42858.45
Nissan,6.5,2026,0,207.1,,500,Diesel,Manual,2,0.0,2,29.1,23575.8
Lexus,8.43,2016,10,435.1,0.0,119423,Electric,Automatic,3,0.0,4,12.0,53153.04
Mazda,8.34,2022,4,172.5,2.58,50282,Petrol,Manual,1,0.0,4,25.9,19623.47
Kia,6.19,2012,14,153.6,1.41,168245,Petrol,Automatic,1,0.0,4,32.2,2500.0
Hyundai,6.91,2021,5,203.9,2.5,60892,Petrol,Automatic,3,0.0,4,32.0,19264.07
BMW,8.73,2020,6,241.0,1.72,51061,Diesel,Automatic,1,1.0,4,32.1,46454.97
Ford,7.28,2009,17,167.8,3.96,165306,Petrol,Manual,1,1.0,4,36.5,4287.68
Mazda,7.38,2026,0,138.7,2.06,1211,Petrol,Automatic,1,0.0,4,32.8,28723.68
Toyota,8.71,2016,10,212.7,2.06,128094,Petrol,Manual,1,1.0,4,22.0,19736.79
Nissan,5.6,2018,8,149.1,1.66,104217,Petrol,Manual,1,1.0,4,22.2,4924.65
Nissan,6.27,2015,11,186.6,1.15,136684,Diesel,Automatic,1,0.0,4,31.9,10080.65
BMW,8.51,2014,12,399.8,0.0,168738,Electric,Automatic,1,1.0,4,12.0,45001.09
BMW,8.63,2015,11,307.1,2.89,127156,Petrol,Automatic,2,1.0,4,20.4,41433.84
Audi,8.66,2008,18,327.1,,174912,Petrol,Manual,3,1.0,4,28.8,29452.9
Volkswagen,7.54,2011,15,176.5,3.47,197025,Hybrid,Manual,1,2.0,2,36.1,6436.99
Nissan,6.36,2023,3,236.9,1.6,20973,Petrol,Manual,1,1.0,4,33.1,19833.61
Subaru,8.03,2012,14,194.3,1.79,198554,Hybrid,Automatic,1,0.0,4,32.5,14917.67
Kia,6.38,2022,4,222.1,0.0,59965,Electric,Manual,1,0.0,4,12.0,22546.6
Nissan,6.51,2017,9,115.4,2.5,102059,Petrol,Automatic,1,2.0,4,36.6,6020.42
Subaru,7.94,2011,15,172.1,1.88,132444,Petrol,Automatic,4,0.0,4,33.6,8199.87
Mercedes-Benz,8.71,2018,8,281.4,3.86,96498,Petrol,Automatic,2,,4,32.1,50877.7
Volkswagen,6.83,2021,5,175.5,2.45,34334,Petrol,Automatic,1,0.0,4,28.8,25964.91
Mercedes-Benz,8.48,2026,0,315.8,3.7,3578,Hybrid,Manual,2,1.0,4,40.2,58573.46
Mazda,6.92,2013,13,287.6,0.0,188169,Electric,Manual,2,2.0,4,12.0,11011.34
Toyota,8.21,2024,2,172.6,1.41,18510,Diesel,Automatic,1,0.0,4,28.4,30527.3
Hyundai,7.1,2011,15,224.3,1.66,260852,Diesel,Automatic,3,0.0,4,30.7,2500.0
Honda,8.07,2022,4,139.0,2.46,62362,Petrol,Automatic,1,0.0,4,28.3,27050.59
Volkswagen,6.61,2018,8,147.9,2.37,74534,Diesel,Manual,1,0.0,4,25.0,15317.5
Chevrolet,5.93,2019,7,189.1,3.01,86892,Hybrid,Automatic,2,0.0,4,37.6,16495.0
Audi,9.14,2021,5,315.9,3.18,104205,Petrol,Automatic,1,0.0,4,,50962.78
Ford,6.18,2022,4,120.4,3.04,57821,Petrol,Automatic,3,0.0,4,23.1,16978.72
Kia,6.39,2023,3,207.2,3.44,41294,Petrol,Automatic,1,0.0,4,28.8,21204.41
Hyundai,6.3,2022,4,142.8,3.09,64784,Petrol,Automatic,3,0.0,4,30.8,14595.2
Mazda,7.26,2010,16,216.8,0.0,233816,Electric,Manual,2,2.0,4,12.0,2500.0
Lexus,8.72,2013,13,274.8,2.82,156804,Diesel,Manual,2,,4,26.5,36445.6
Mazda,7.17,2013,13,380.3,0.0,125479,Electric,Automatic,1,0.0,4,12.0,24791.55
Toyota,8.58,2023,3,137.7,2.02,44611,Hybrid,Automatic,1,0.0,4,46.9,27058.84
Nissan,6.75,2017,9,191.7,2.58,94944,Diesel,Automatic,1,0.0,4,30.1,15435.44
Lexus,9.16,2025,1,264.5,3.63,5329,Petrol,Automatic,2,0.0,4,31.5,57596.09
Ford,6.63,2021,5,239.8,0.0,50344,Electric,Automatic,1,0.0,4,12.0,25123.11
Honda,7.75,2024,2,293.5,0.0,30181,Electric,Automatic,1,0.0,4,12.0,39098.5
Hyundai,6.63,2020,6,139.3,1.0,72484,Hybrid,Manual,2,0.0,4,43.8,12186.05
Toyota,8.01,2024,2,199.7,2.72,15860,Petrol,Automatic,1,0.0,2,26.8,28109.35
Mazda,7.52,2016,10,280.5,2.72,131215,Petrol,Automatic,2,0.0,2,,23863.66
Audi,8.29,2022,4,290.7,3.25,31872,Petrol,Automatic,1,,4,30.7,51127.25
Chevrolet,6.3,2015,11,142.7,1.41,96857,Petrol,Manual,1,1.0,4,19.6,4635.62
Audi,8.72,2018,8,238.6,,127650,Petrol,Automatic,1,1.0,2,25.2,39354.23
Mazda,7.4,2016,10,325.4,0.0,125487,Electric,Automatic,2,0.0,4,12.0,25365.67
Nissan,6.48,2019,7,294.6,0.0,82103,Electric,Automatic,1,0.0,2,12.0,23385.25
Audi,9.02,2010,16,370.5,2.62,225968,Petrol,Automatic,2,0.0,4,24.1,36325.11
Nissan,6.41,2024,2,200.5,1.52,23153,Petrol,Automatic,1,0.0,4,32.8,23395.57
BMW,8.85,2009,17,274.2,1.97,305190,Petrol,Automatic,1,1.0,4,25.6,25414.03
Audi,8.51,2017,9,215.9,0.0,74762,Electric,Automatic,1,0.0,4,12.0,41396.26
Subaru,7.68,2011,15,295.9,0.0,222394,Electric,Automatic,1,1.0,4,12.0,14646.98
Tesla,9.41,2014,12,318.7,2.96,166509,Petrol,Automatic,2,2.0,2,29.7,45649.56
Volkswagen,6.34,2012,14,168.6,1.29,169262,Diesel,Automatic,1,0.0,4,38.5,8897.3
Nissan,6.37,2011,15,336.0,0.0,170968,Electric,Automatic,2,0.0,4,12.0,13349.67
Toyota,8.6,2021,5,294.8,0.0,47769,Electric,Automatic,1,2.0,4,12.0,32731.87
Toyota,8.35,2012,14,157.7,1.99,216151,Petrol,Automatic,1,0.0,4,21.4,8376.05
Volkswagen,7.01,2016,10,172.5,2.78,121458,Diesel,Manual,1,0.0,4,29.5,14430.74
Nissan,6.94,2012,14,176.5,1.55,145158,Petrol,Automatic,1,0.0,4,18.4,3418.54
Kia,6.12,2011,15,229.2,2.81,166141,Diesel,Automatic,1,1.0,4,25.4,6396.56
Kia,6.04,2012,14,166.6,1.03,151987,Diesel,Automatic,2,0.0,4,26.2,2500.0
Audi,7.83,2025,1,291.5,2.59,3175,Diesel,Automatic,1,0.0,2,33.7,53329.71
Mercedes-Benz,8.17,2021,5,223.6,0.0,64357,Electric,Automatic,1,0.0,4,12.0,51644.34
Volkswagen,7.69,2016,10,149.5,1.0,120062,Petrol,Manual,3,0.0,4,30.3,12015.85
Volkswagen,6.49,2013,13,153.6,1.83,105039,Petrol,Manual,1,1.0,4,30.3,8573.72
Nissan,5.96,2011,15,160.5,2.25,151619,Petrol,Automatic,2,1.0,4,18.7,2500.0
Honda,8.51,2019,7,221.8,2.43,99605,Petrol,Automatic,1,1.0,4,27.0,26628.16
Toyota,8.35,2022,4,144.6,1.43,36044,Petrol,Automatic,1,0.0,4,14.8,22749.28
Volkswagen,6.11,2018,8,228.5,1.01,131853,Petrol,Automatic,1,0.0,4,31.7,18904.34
Ford,6.0,2009,17,158.1,2.27,144065,Hybrid,Automatic,2,0.0,4,38.1,5006.03
Hyundai,6.41,2023,3,203.2,1.17,40714,Petrol,Automatic,1,2.0,4,23.0,16833.27
Mazda,6.63,2011,15,152.7,1.94,171654,Petrol,Automatic,2,0.0,4,23.0,7965.63
Mazda,7.37,2012,14,165.4,2.44,149524,Petrol,Manual,2,0.0,4,27.4,8373.17
Mazda,7.53,2016,10,142.7,1.64,77908,Petrol,Automatic,1,1.0,4,36.2,15334.14
Mercedes-Benz,8.81,2024,2,284.3,2.8,20889,Petrol,Automatic,1,0.0,2,22.6,60256.76
Honda,8.13,2022,4,109.8,1.91,34056,Hybrid,Automatic,2,0.0,4,44.8,26652.61
Ford,6.09,2011,15,115.3,2.27,195632,Petrol,Automatic,1,0.0,4,27.9,2500.0
Ford,6.94,2025,1,336.9,0.0,13068,Electric,Automatic,1,0.0,4,12.0,37886.66
Honda,8.03,2008,18,167.6,1.59,170110,Diesel,Automatic,1,1.0,4,26.8,6547.05
Subaru,7.75,2016,10,140.8,2.5,98660,Diesel,Automatic,2,0.0,4,17.0,18361.58
Kia,6.93,2023,3,167.4,1.81,35327,Petrol,Manual,1,0.0,4,25.3,16065.77
Hyundai,6.67,2026,0,204.1,2.57,500,Petrol,Manual,2,0.0,4,21.7,24389.51
Ford,6.41,2018,8,169.0,2.17,87009,Petrol,Automatic,2,0.0,2,37.6,15175.02
Subaru,7.8,2012,14,243.4,2.18,76773,Petrol,Automatic,1,1.0,4,28.8,18136.67
Subaru,7.31,2008,18,168.0,1.02,280503,Petrol,Automatic,2,1.0,4,,2500.0
Ford,7.45,2009,17,173.8,2.31,178418,Petrol,Automatic,2,0.0,4,23.9,5267.67
BMW,8.49,2010,16,232.0,4.11,125159,Hybrid,Automatic,1,0.0,4,39.5,36508.51
Hyundai,6.56,2019,7,192.4,2.58,71812,Petrol,Automatic,1,1.0,4,30.9,13226.64
Chevrolet,5.57,2023,3,202.9,1.98,26840,Hybrid,Automatic,3,0.0,4,39.3,21643.31
Kia,6.09,2015,11,225.0,1.17,132787,Petrol,Manual,1,1.0,4,26.1,6194.6
Toyota,8.69,2016,10,241.6,0.0,106025,Electric,Automatic,4,2.0,4,12.0,18297.73
Ford,6.88,2013,13,156.3,2.34,262767,Petrol,Automatic,1,0.0,4,24.1,3397.94
Toyota,7.75,2016,10,131.9,2.3,96538,Petrol,Automatic,4,0.0,4,31.8,15198.37
Kia,6.09,2015,11,214.0,1.26,126744,Petrol,Manual,3,0.0,4,28.0,4058.7
Toyota,8.21,2009,17,181.2,1.07,208401,Diesel,Automatic,3,1.0,4,23.9,2500.0
Chevrolet,6.41,2016,10,202.5,3.27,120093,Diesel,Automatic,1,0.0,4,30.6,17227.51
Toyota,8.26,2008,18,166.6,1.93,177178,Diesel,Manual,1,1.0,2,30.3,2500.0
Chevrolet,6.19,2018,8,156.1,1.65,77246,Hybrid,Automatic,1,0.0,4,36.5,12757.56
Hyundai,7.63,2009,17,210.8,2.79,217977,Diesel,Automatic,3,1.0,4,24.8,3831.59
Kia,6.51,2009,17,169.6,2.12,106605,Petrol,Automatic,3,2.0,4,38.0,2500.0
Toyota,7.66,2020,6,144.6,1.97,74994,Diesel,Manual,2,1.0,4,28.5,14387.98
Mazda,7.52,2018,8,182.0,2.5,40919,Petrol,Automatic,1,1.0,4,37.2,20667.43
Mazda,6.72,2009,17,192.2,1.35,228624,Diesel,Automatic,2,0.0,4,22.0,4362.34
Subaru,7.11,2017,9,125.4,2.12,121843,Hybrid,Manual,2,0.0,4,28.4,15264.98
BMW,8.48,2019,7,272.6,2.85,96943,Diesel,Manual,2,0.0,2,24.7,42791.1
Hyundai,6.81,2025,1,230.2,3.95,13310,Petrol,Automatic,1,1.0,2,26.4,26417.18
Mazda,6.64,2012,14,184.2,2.46,203691,Hybrid,Automatic,1,0.0,2,40.4,6302.81
Kia,6.5,2026,0,167.1,2.51,500,Petrol,Automatic,1,0.0,4,24.2,26738.69
Lexus,9.41,2012,14,307.8,2.49,242373,Diesel,Automatic,2,0.0,4,28.1,39788.3
Toyota,8.53,2024,2,191.2,1.31,31471,Petrol,Manual,3,,4,31.1,25409.73
Ford,5.99,2016,10,187.9,2.56,52135,Diesel,Automatic,3,1.0,4,28.0,18250.58
Tesla,9.35,2013,13,361.1,3.4,151051,Diesel,Automatic,3,1.0,4,27.2,44688.99
Hyundai,6.19,2008,18,233.2,1.82,209325,Petrol,Automatic,2,1.0,4,27.7,2500.0
Kia,7.03,2024,2,149.9,1.5,21304,Diesel,Automatic,1,0.0,4,21.5,18389.23
Honda,8.4,2015,11,268.5,0.0,144432,Electric,Manual,2,0.0,2,12.0,16414.06
Audi,8.34,2008,18,341.9,3.95,146502,Petrol,Automatic,2,1.0,2,17.0,34183.35
Nissan,5.86,2025,1,218.5,1.59,4920,Petrol,Automatic,2,0.0,4,28.0,27072.72
Kia,7.04,2008,18,163.1,1.04,257836,Petrol,Manual,1,1.0,4,28.0,2500.0
Subaru,7.87,2011,15,176.7,2.5,208315,Hybrid,Manual,1,1.0,4,,9212.94
Hyundai,7.66,2023,3,139.4,1.33,27581,Diesel,Automatic,1,0.0,4,,21428.49
Volkswagen,6.32,2021,5,239.7,1.9,50118,Hybrid,Automatic,2,0.0,4,32.7,31590.63
Mazda,7.38,2009,17,198.7,1.0,187570,Hybrid,Manual,2,0.0,4,31.7,9211.05
Mercedes-Benz,8.96,2018,8,246.3,2.71,87960,Petrol,Automatic,1,0.0,4,29.4,50319.86
Hyundai,7.09,2009,17,157.6,2.58,176240,Petrol,Automatic,1,0.0,4,35.2,3787.16
Toyota,8.84,2025,1,168.1,2.43,10108,Diesel,Automatic,1,1.0,2,22.5,31145.63
BMW,8.88,2023,3,253.4,3.94,39358,Hybrid,Automatic,3,1.0,4,34.1,50163.35
BMW,8.52,2011,15,268.6,2.68,134289,Diesel,Automatic,3,0.0,4,26.8,39949.99
Hyundai,6.57,2014,12,179.4,2.37,159404,Petrol,Automatic,1,0.0,4,,7529.92
Audi,8.57,2022,4,297.4,2.87,54219,Diesel,Automatic,1,1.0,2,32.3,45199.88
Volkswagen,7.46,2018,8,180.2,2.42,76092,Petrol,Automatic,1,0.0,4,32.0,20059.84
Lexus,8.49,2015,11,229.2,2.58,91378,Petrol,Automatic,2,2.0,4,22.0,37414.87
Mercedes-Benz,8.86,2024,2,248.1,0.0,22619,Electric,Manual,3,0.0,4,12.0,53220.17
Subaru,7.41,2008,18,177.7,2.3,263938,Hybrid,Automatic,1,0.0,4,36.6,7239.03
Subaru,7.59,2022,4,219.5,1.9,37045,Petrol,Manual,1,0.0,4,25.9,27646.7
Nissan,6.22,2018,8,188.7,2.09,74060,Hybrid,Manual,2,0.0,2,44.7,14285.24
Volkswagen,7.15,2018,8,217.6,1.73,54352,Hybrid,Automatic,2,0.0,4,39.0,25615.17
Chevrolet,5.49,2023,3,152.6,1.05,38792,Petrol,Automatic,1,0.0,4,36.9,17541.49
Mercedes-Benz,9.51,2023,3,245.5,3.03,32672,Petrol,Automatic,1,0.0,4,22.8,58660.55
Honda,7.51,2008,18,186.6,2.48,213555,Petrol,Automatic,2,0.0,4,26.3,4960.26
Ford,6.79,2022,4,163.9,3.1,45632,Petrol,Automatic,1,1.0,4,27.8,22907.55
Volkswagen,6.84,2024,2,130.1,2.45,35029,Petrol,Automatic,1,1.0,4,21.7,25984.87
Chevrolet,5.95,2026,0,180.2,1.13,500,Diesel,Automatic,2,0.0,4,33.7,24960.76
Honda,7.8,2019,7,325.3,0.0,99409,Electric,Automatic,3,0.0,2,12.0,26710.92
Tesla,9.5,2024,2,340.8,3.87,27845,Petrol,Manual,4,2.0,4,24.6,58702.0
Lexus,9.1,2018,8,235.6,3.96,106210,Petrol,Manual,1,1.0,4,36.9,44250.47
Lexus,9.03,2017,9,329.3,2.63,96343,Diesel,Automatic,2,0.0,2,26.9,50574.9
Chevrolet,6.78,2016,10,209.7,1.44,130431,Petrol,Manual,1,0.0,2,25.0,14391.89
Hyundai,6.82,2023,3,185.8,2.86,18988,Petrol,Automatic,2,0.0,4,26.1,22038.85
Volkswagen,6.6,2016,10,181.9,1.51,128227,Diesel,Manual,2,1.0,4,28.5,13283.72
Tesla,8.48,2017,9,266.9,3.1,174895,Petrol,Manual,1,0.0,2,28.1,46268.4
Subaru,7.73,2011,15,236.7,1.51,156224,Hybrid,Manual,2,0.0,4,39.3,11589.0
Volkswagen,7.22,2025,1,132.1,3.02,2601,Petrol,Automatic,3,0.0,4,28.5,27001.6
Toyota,8.53,2014,12,164.9,1.76,175372,Petrol,Manual,2,0.0,4,24.6,8028.94
Lexus,9.78,2009,17,294.8,4.63,218408,Hybrid,Automatic,2,0.0,2,39.8,40423.17
Mazda,7.14,2023,3,159.9,2.76,38177,Petrol,Automatic,2,0.0,4,27.3,21246.89
Audi,8.69,2016,10,270.8,3.13,130736,Diesel,Automatic,2,1.0,4,22.5,39202.84
Lexus,9.66,2008,18,245.2,2.72,283687,Diesel,Automatic,1,2.0,2,32.3,25183.14
Nissan,7.0,2018,8,201.6,1.96,134056,Hybrid,Automatic,1,0.0,4,45.1,16001.66
Chevrolet,6.71,2014,12,176.1,1.08,111484,Hybrid,Manual,2,1.0,4,38.5,8675.85
Volkswagen,6.78,2014,12,209.8,1.0,168662,Petrol,Automatic,1,,4,31.6,14300.67
Chevrolet,5.32,2011,15,315.0,0.0,192801,Electric,Automatic,3,1.0,4,12.0,11034.23
BMW,9.18,2022,4,277.9,3.3,66633,Diesel,Manual,1,1.0,4,30.3,48502.36
Mazda,7.44,2019,7,273.8,,77719,Electric,Automatic,1,0.0,2,12.0,27855.26
Chevrolet,5.95,2009,17,135.3,1.58,252948,Petrol,Automatic,1,0.0,4,,2500.0
Audi,8.14,2017,9,307.7,2.63,172671,Hybrid,Automatic,1,1.0,4,34.7,40762.11
Toyota,8.75,2024,2,177.6,2.87,16940,Petrol,Manual,3,0.0,4,20.1,29763.29
Kia,6.83,2020,6,201.4,,77505,Diesel,Automatic,1,0.0,2,30.3,13208.01
Honda,8.0,2020,6,200.2,1.34,116547,Diesel,Automatic,2,0.0,4,30.6,21597.87
Subaru,7.79,2021,5,148.0,2.5,52600,Petrol,Manual,2,0.0,4,33.6,24284.06
Mazda,7.32,2018,8,376.3,0.0,90533,Electric,Automatic,2,1.0,2,12.0,28266.74
Toyota,8.19,2019,7,201.0,2.19,110813,Petrol,Manual,1,0.0,4,32.3,19596.63
Mazda,8.26,2017,9,164.7,1.14,114993,Diesel,Automatic,3,0.0,2,25.9,15061.79
Kia,5.92,2016,10,293.2,0.0,108579,Electric,Automatic,4,0.0,4,12.0,15019.14
Volkswagen,7.87,2020,6,259.8,0.0,33606,Electric,Automatic,1,0.0,4,12.0,33795.54
Subaru,8.1,2017,9,130.6,2.83,67622,Petrol,Automatic,2,0.0,4,33.5,17661.64
Honda,8.24,2019,7,227.2,1.0,63533,Diesel,Automatic,1,1.0,4,19.0,23921.83
Subaru,7.58,2022,4,239.9,0.0,62356,Electric,Manual,2,1.0,4,12.0,27468.7
Lexus,9.16,2009,17,361.9,3.64,183891,Hybrid,Automatic,2,0.0,4,42.0,42350.2
Hyundai,6.8,2011,15,190.3,2.18,43998,Petrol,Manual,2,0.0,4,31.9,8910.17
Subaru,7.91,2009,17,197.6,1.92,210963,Petrol,Automatic,2,0.0,4,21.5,8409.89
Kia,6.74,2022,4,215.5,1.31,41850,Hybrid,Manual,1,0.0,4,29.2,18466.64
Volkswagen,7.5,2019,7,119.8,2.57,42243,Petrol,Automatic,1,4.0,4,29.8,15587.91
Mercedes-Benz,8.48,2010,16,308.8,2.37,222957,Petrol,Automatic,2,0.0,4,26.5,33869.01
Lexus,8.73,2013,13,332.4,3.93,166070,Diesel,Automatic,2,0.0,4,29.8,48527.76
Honda,8.04,2012,14,177.1,2.21,190497,Petrol,Automatic,1,0.0,2,30.0,12407.26
Mazda,6.72,2018,8,172.0,1.42,44448,Petrol,Manual,1,0.0,4,25.1,16600.1
Nissan,5.66,2023,3,334.9,0.0,51651,Electric,Automatic,3,1.0,4,12.0,26717.78
Kia,6.46,2008,18,193.9,2.3,143602,Petrol,Automatic,2,0.0,4,20.9,4592.83
Chevrolet,6.71,2024,2,164.1,2.09,15316,Petrol,Automatic,2,0.0,4,35.1,22120.79
Nissan,6.61,2020,6,142.9,1.78,55749,Diesel,Automatic,2,1.0,4,34.5,12964.16
Hyundai,6.72,2015,11,187.3,1.89,144373,Petrol,Automatic,1,0.0,4,23.5,9831.78
Mazda,7.07,2022,4,163.8,1.03,11536,Hybrid,Automatic,1,1.0,4,48.9,24703.8
Mercedes-Benz,9.42,2008,18,347.9,1.96,261392,Petrol,Automatic,2,0.0,4,25.9,35038.93
Volkswagen,7.02,2024,2,156.3,2.18,7695,Petrol,Automatic,1,0.0,4,32.1,26720.33
Tesla,8.31,2018,8,286.7,3.22,69896,Diesel,Automatic,2,,2,31.1,51293.76
Honda,7.6,2023,3,272.6,0.0,35290,Electric,Automatic,3,0.0,4,12.0,33965.2
Toyota,8.6,2024,2,176.2,1.37,29397,Petrol,Automatic,1,0.0,4,39.3,28333.31
Subaru,7.43,2018,8,166.9,,53716,Petrol,Manual,1,2.0,4,33.0,14203.69
Mazda,7.45,2009,17,236.4,2.39,199062,Hybrid,Automatic,1,0.0,4,,10166.06
Nissan,5.71,2013,13,183.0,2.06,114996,Petrol,Manual,1,0.0,4,27.1,6874.17
Mercedes-Benz,9.46,2016,10,311.1,0.0,138388,Electric,Automatic,1,0.0,4,12.0,51401.1
Ford,6.67,2022,4,214.9,1.36,34884,Petrol,Manual,1,0.0,4,27.3,19653.27
Mercedes-Benz,9.51,2023,3,297.6,3.69,21008,Hybrid,Automatic,2,0.0,2,27.4,62487.49
Mercedes-Benz,8.91,2014,12,257.7,2.56,115264,Petrol,Manual,1,0.0,4,28.1,42978.07
Ford,6.88,2023,3,151.8,2.18,45492,Petrol,Automatic,2,2.0,4,19.7,14248.16
Ford,5.97,2021,5,190.5,1.9,55515,Petrol,Automatic,2,1.0,4,18.1,14024.48
Mazda,7.72,2025,1,172.9,3.5,10660,Petrol,Manual,2,0.0,2,26.3,27470.39
Chevrolet,6.14,2011,15,174.7,1.43,135848,Petrol,Manual,1,0.0,4,36.1,2912.83
Tesla,9.53,2015,11,334.2,2.56,107452,Petrol,Automatic,2,0.0,4,22.3,54577.37
Ford,6.24,2022,4,162.7,1.55,44530,Hybrid,Automatic,2,1.0,4,38.0,18393.33
Mazda,6.94,2023,3,181.0,1.89,11619,Petrol,Manual,4,1.0,4,32.8,19651.99
Honda,8.22,2021,5,207.9,1.79,86273,Diesel,Automatic,2,0.0,4,31.8,20337.16
Kia,6.87,2018,8,187.4,1.21,135886,Petrol,Automatic,1,0.0,4,27.8,13067.76
Volkswagen,7.07,2024,2,352.5,0.0,24372,Electric,Automatic,1,0.0,4,12.0,39105.08
Ford,5.9,2021,5,162.8,1.92,16952,Petrol,Automatic,1,0.0,4,26.1,18717.34
Hyundai,6.45,2012,14,239.2,1.76,200182,Diesel,Manual,1,2.0,4,13.8,2500.0
Mazda,7.0,2017,9,184.6,2.35,132218,Petrol,Automatic,3,0.0,4,32.1,14770.21
Ford,5.91,2022,4,127.9,2.11,43048,Diesel,Automatic,2,2.0,4,31.7,15111.36
Kia,6.66,2012,14,148.3,3.43,207903,Hybrid,Automatic,3,2.0,4,33.3,2500.0
Nissan,6.11,2025,1,193.1,3.27,7670,Petrol,Automatic,2,0.0,4,19.2,26225.44
Subaru,7.99,2017,9,219.7,1.37,108850,Hybrid,Automatic,1,0.0,4,32.9,24216.78
Kia,6.31,2019,7,172.7,1.7,95575,Petrol,Automatic,2,0.0,4,37.8,14487.07
Honda,8.29,2025,1,172.0,1.12,4667,Petrol,Automatic,2,0.0,4,26.1,28589.48
Kia,6.36,2026,0,152.4,2.35,7750,Diesel,Automatic,1,0.0,4,36.1,24387.86
Subaru,8.14,2023,3,202.6,2.8,47962,Petrol,Automatic,1,0.0,4,24.7,29873.6
Chevrolet,6.21,2021,5,131.7,2.51,61804,Petrol,Automatic,1,1.0,4,34.4,16240.86
Audi,9.26,2015,11,310.4,2.64,166744,Petrol,Automatic,1,0.0,4,28.1,44636.15
Subaru,8.16,2017,9,224.6,0.0,156957,Electric,Automatic,1,1.0,4,12.0,19926.71
Ford,6.7,2015,11,161.8,2.2,185455,Hybrid,Automatic,3,0.0,4,34.3,9149.5
Tesla,9.07,2012,14,244.0,3.26,162859,Hybrid,Manual,2,2.0,2,45.2,34708.58
Subaru,7.4,2008,18,144.0,1.45,197061,Diesel,Automatic,4,2.0,4,31.8,2500.0
Tesla,9.6,2018,8,228.7,4.02,86139,Hybrid,Automatic,3,0.0,2,42.1,53588.81
Subaru,7.78,2012,14,212.2,2.6,172294,Petrol,Manual,1,0.0,4,27.8,13494.43
Subaru,8.2,2024,2,182.3,1.5,21532,Petrol,Automatic,1,0.0,2,22.7,30547.44
Subaru,7.58,2026,0,229.4,1.17,4606,Petrol,Automatic,2,0.0,4,26.4,34554.29
Volkswagen,6.38,2017,9,209.9,2.6,47521,Petrol,Automatic,2,1.0,4,30.5,20423.21
Hyundai,6.93,2020,6,186.5,1.85,103634,Hybrid,Automatic,1,1.0,4,35.9,17003.0
Honda,8.18,2011,15,167.4,3.37,167879,Diesel,Automatic,4,1.0,4,18.5,6326.87
Hyundai,6.33,2024,2,132.4,2.05,27005,Diesel,Automatic,2,0.0,4,,19311.82
Tesla,8.54,2021,5,337.9,3.08,59368,Diesel,Automatic,1,0.0,4,25.1,56440.29
Chevrolet,6.47,2011,15,185.6,2.11,181919,Petrol,Automatic,2,1.0,2,29.3,3121.42
Nissan,6.22,2024,2,169.3,1.75,29023,Petrol,Manual,2,1.0,4,28.2,19617.97
Toyota,9.0,2025,1,173.0,2.76,19480,Petrol,Automatic,2,0.0,4,28.5,34394.56
Volkswagen,6.4,2020,6,171.7,2.84,45098,Diesel,Manual,3,,4,24.1,17091.94
Subaru,7.3,2023,3,179.9,2.28,45232,Petrol,Automatic,2,0.0,4,40.4,25218.73
Ford,6.92,2016,10,288.1,0.0,107957,Electric,Automatic,1,0.0,4,12.0,21936.24
Tesla,8.26,2010,16,297.0,2.7,163996,Petrol,Manual,1,2.0,2,43.3,36884.54
Subaru,7.43,2010,16,187.5,1.13,173217,Petrol,Automatic,3,0.0,4,23.5,10771.73
Mazda,7.25,2013,13,124.6,1.66,130136,Petrol,Manual,2,0.0,4,26.2,6842.59
Volkswagen,6.37,2024,2,212.9,2.68,30387,Hybrid,Automatic,1,0.0,4,34.8,31633.44
Hyundai,6.62,2018,8,221.9,1.84,63390,Petrol,Manual,1,0.0,4,31.1,14907.04
Ford,6.26,2022,4,151.5,1.7,53186,Petrol,Manual,1,1.0,4,29.3,14418.79
Toyota,8.89,2018,8,231.8,1.0,97661,Diesel,Automatic,1,1.0,4,36.2,19303.77
Volkswagen,7.41,2026,0,191.9,2.4,2313,Petrol,Automatic,1,,4,15.6,33395.7
Hyundai,6.48,2010,16,143.0,1.71,203035,Petrol,Automatic,1,0.0,4,32.6,2500.0
Ford,7.16,2016,10,185.0,1.41,95717,Hybrid,Automatic,1,1.0,4,38.5,15099.05
Chevrolet,6.26,2012,14,179.0,2.97,257965,Diesel,Automatic,2,2.0,2,24.7,2999.97
Mazda,7.87,2025,1,192.1,1.49,5001,Hybrid,Automatic,1,0.0,4,41.1,34460.24
Audi,8.64,2024,2,223.9,3.27,36880,Petrol,Manual,2,1.0,4,,45249.74
Mazda,7.26,2009,17,149.9,3.09,54015,Petrol,Automatic,1,0.0,2,25.0,8539.88
Audi,8.19,2021,5,250.9,4.01,81927,Petrol,Automatic,1,1.0,2,21.7,46584.17
Tesla,8.41,2017,9,228.7,3.38,129824,Petrol,Automatic,2,1.0,4,22.7,39215.76
Volkswagen,6.28,2016,10,219.4,1.62,200923,Petrol,Manual,1,0.0,4,30.7,10250.11
Hyundai,6.82,2013,13,125.7,2.65,142276,Petrol,Manual,2,1.0,4,22.7,2500.0
Chevrolet,5.64,2020,6,195.8,3.08,69518,Diesel,Automatic,1,1.0,4,31.0,12103.91
Chevrolet,6.56,2024,2,191.4,,30069,Petrol,Manual,2,0.0,4,22.5,21012.4
BMW,9.17,2011,15,301.4,0.0,154604,Electric,Manual,2,2.0,4,12.0,34652.24
Nissan,6.87,2020,6,164.0,1.0,92458,Diesel,Automatic,2,0.0,4,32.0,14328.37
Nissan,6.45,2017,9,187.3,1.06,79668,Diesel,Manual,1,0.0,4,23.5,11536.89
Toyota,8.97,2023,3,185.6,1.58,16225,Petrol,Automatic,1,0.0,4,29.3,29823.28
Ford,6.85,2011,15,112.0,2.72,153571,Petrol,Manual,1,1.0,4,28.3,4178.96
Kia,6.84,2020,6,148.2,1.85,70122,Petrol,Automatic,1,1.0,4,25.0,12713.95
Ford,5.47,2013,13,180.1,3.14,190814,Diesel,Automatic,1,0.0,4,28.1,7853.67
Kia,6.58,2009,17,160.1,2.02,257910,Diesel,Manual,1,1.0,4,19.0,2500.0
Nissan,5.92,2019,7,165.8,1.6,114095,Diesel,Manual,2,1.0,4,24.3,8893.05
Nissan,7.16,2019,7,193.4,1.78,86394,Diesel,Manual,2,3.0,4,27.6,7049.54
Nissan,6.9,2008,18,217.5,2.49,163716,Hybrid,Automatic,3,0.0,4,39.9,7042.49
Chevrolet,6.91,2015,11,257.1,0.0,185217,Electric,Manual,2,0.0,4,12.0,9879.82
Mazda,7.13,2012,14,226.1,1.28,230385,Hybrid,Automatic,2,0.0,4,37.2,6138.26
Ford,6.44,2018,8,175.7,1.54,114703,Petrol,Automatic,2,0.0,4,34.9,12394.73
Kia,6.46,2008,18,149.5,1.05,232735,Hybrid,Automatic,1,1.0,4,47.3,2500.0
Kia,6.33,2014,12,202.7,1.83,168481,Petrol,Automatic,2,0.0,4,23.1,8452.93
Ford,7.38,2025,1,271.0,0.0,13049,Electric,Automatic,3,0.0,4,12.0,29944.15
Volkswagen,7.35,2015,11,120.0,1.95,118866,Petrol,Automatic,1,1.0,2,25.7,11725.19
Toyota,7.89,2026,0,157.3,1.98,500,Petrol,Automatic,2,0.0,4,21.2,28349.99
Kia,6.8,2026,0,252.0,1.0,500,Petrol,Manual,2,0.0,2,35.5,25846.92
Toyota,8.44,2022,4,194.1,2.7,44260,Petrol,Automatic,2,0.0,4,28.7,28764.23
Hyundai,7.09,2019,7,142.4,2.5,76631,Petrol,Automatic,1,0.0,4,22.2,12697.35
Toyota,8.07,2020,6,227.0,2.94,109188,Diesel,Automatic,4,0.0,4,28.1,19700.79
Mercedes-Benz,9.1,2009,17,304.9,1.79,143774,Diesel,Manual,1,1.0,2,32.7,36691.93
Toyota,8.22,2024,2,173.0,1.1,21412,Petrol,Automatic,1,0.0,4,27.5,28064.7
Subaru,7.21,2008,18,165.3,1.6,276616,Petrol,Automatic,1,0.0,4,21.4,3732.62
Ford,5.84,2025,1,199.8,2.43,21610,Petrol,Manual,2,0.0,4,27.3,23181.78
Subaru,7.41,2024,2,209.0,1.86,25915,Petrol,Automatic,1,0.0,4,22.9,28668.55
Chevrolet,5.53,2010,16,226.9,3.08,199784,Petrol,Automatic,2,0.0,4,19.0,4772.94
Volkswagen,6.82,2011,15,175.0,1.59,188293,Diesel,Manual,1,1.0,4,29.2,2671.46
Tesla,9.11,2026,0,248.0,2.26,5025,Hybrid,Automatic,2,0.0,4,34.6,61747.28
Ford,6.54,2012,14,138.8,1.19,196408,Diesel,Manual,2,0.0,4,28.0,2500.0
Nissan,6.2,2020,6,179.3,2.85,57896,Diesel,Automatic,1,1.0,4,30.8,14402.48
BMW,9.23,2016,10,322.3,,77850,Diesel,Automatic,2,0.0,4,28.2,50937.55
Hyundai,7.08,2018,8,193.6,1.9,103681,Petrol,Automatic,3,0.0,4,26.0,13112.62
BMW,8.77,2011,15,183.0,1.94,216904,Hybrid,Automatic,1,0.0,4,47.5,30351.66
Volkswagen,7.19,2022,4,124.4,1.58,58977,Petrol,Manual,2,0.0,4,26.5,14798.91
Volkswagen,7.17,2018,8,197.6,2.04,114959,Hybrid,Automatic,2,1.0,4,36.3,20053.99
Audi,8.37,2012,14,370.0,2.61,134903,Petrol,Automatic,1,2.0,4,20.2,38435.33
Toyota,8.64,2019,7,181.4,1.27,86523,Petrol,Automatic,1,0.0,2,25.4,24311.56
Tesla,8.82,2025,1,306.1,0.0,17726,Electric,Automatic,2,0.0,4,12.0,64529.79
Chevrolet,6.21,2019,7,169.2,2.26,90207,Hybrid,Automatic,1,0.0,4,44.3,16611.46
Ford,6.55,2023,3,146.0,2.13,40425,Diesel,Automatic,3,0.0,4,38.8,19033.84
BMW,9.7,2014,12,251.0,2.06,103013,Petrol,Automatic,2,0.0,4,29.7,39864.6
Toyota,8.81,2019,7,230.4,1.23,69310,Hybrid,Automatic,2,0.0,2,29.1,28583.1
Volkswagen,6.38,2021,5,186.1,1.03,62948,Petrol,Automatic,4,0.0,4,25.4,20806.12
Volkswagen,7.19,2008,18,231.8,2.29,236957,Diesel,Automatic,1,2.0,4,24.2,9676.19
Mazda,7.73,2020,6,225.0,1.36,87088,Petrol,Automatic,1,0.0,2,26.4,24156.04
Chevrolet,6.17,2026,0,194.6,1.0,4957,Petrol,Automatic,1,0.0,4,25.5,25642.61
Ford,5.66,2018,8,142.3,1.99,118220,Petrol,Automatic,1,1.0,4,35.1,11903.03
Subaru,7.76,2018,8,170.2,2.43,122898,Petrol,Automatic,1,0.0,4,31.3,20296.22
Nissan,6.27,2016,10,232.4,3.44,96320,Petrol,Manual,3,2.0,2,24.5,8896.69
Kia,6.38,2022,4,199.2,2.1,47640,Petrol,Automatic,1,0.0,4,28.4,19669.57
Ford,6.97,2026,0,194.8,2.2,500,Diesel,Automatic,3,1.0,4,27.8,21998.48
Volkswagen,6.6,2023,3,175.8,1.0,30956,Petrol,Automatic,2,0.0,2,29.7,24951.14
Lexus,8.88,2010,16,289.5,4.91,190023,Diesel,Automatic,1,1.0,4,32.0,35981.44
Nissan,6.41,2026,0,183.7,1.75,1603,Petrol,Manual,2,1.0,4,26.2,22694.23
BMW,8.19,2025,1,282.0,2.53,500,Petrol,Automatic,1,0.0,2,33.8,54440.21
Mazda,6.51,2016,10,194.2,1.04,150426,Petrol,Automatic,2,0.0,4,29.0,11397.69
Mercedes-Benz,8.63,2016,10,333.6,4.43,154890,Diesel,Automatic,1,1.0,4,29.5,46770.12
Volkswagen,7.0,2008,18,177.2,2.59,115081,Petrol,Manual,4,0.0,4,24.3,5056.04
Hyundai,6.99,2015,11,155.3,1.0,149676,Diesel,Automatic,1,3.0,4,29.7,7567.82
Mazda,7.52,2015,11,203.2,1.0,162467,Diesel,Automatic,1,0.0,4,35.5,16683.24
BMW,8.53,2025,1,250.0,2.49,6415,Petrol,Automatic,1,0.0,4,34.1,51508.77
Ford,6.58,2016,10,186.7,3.0,103466,Petrol,Automatic,1,0.0,4,22.9,16416.48
Honda,7.99,2010,16,187.8,2.4,212138,Diesel,Manual,1,0.0,4,28.9,6977.12
Nissan,6.1,2026,0,181.6,1.0,500,Hybrid,Automatic,2,0.0,4,41.9,24629.03
Nissan,6.35,2012,14,260.3,0.0,138676,Electric,Automatic,1,2.0,4,12.0,11575.05
Hyundai,6.66,2012,14,206.2,2.95,134685,Petrol,Automatic,1,0.0,2,30.7,8784.52
Chevrolet,5.93,2021,5,163.6,2.05,50401,Hybrid,Automatic,2,1.0,4,46.4,18572.66
Mercedes-Benz,9.0,2021,5,342.2,0.0,84419,Electric,Automatic,1,0.0,2,12.0,56422.39
Toyota,8.7,2020,6,153.4,3.3,78199,Diesel,Automatic,2,1.0,4,21.8,22336.21
Volkswagen,7.0,2014,12,144.2,2.04,133353,Hybrid,Automatic,3,0.0,4,31.7,11487.15
Audi,8.86,2013,13,247.8,3.63,153190,Hybrid,Automatic,3,,4,29.8,37886.62
BMW,8.69,2022,4,292.5,4.68,90113,Petrol,Manual,1,0.0,2,26.0,46800.01
Kia,6.99,2014,12,137.5,2.12,185593,Petrol,Automatic,1,0.0,4,12.0,3299.55
Toyota,8.42,2022,4,199.5,2.77,31918,Petrol,Manual,3,0.0,4,24.8,23983.29
Toyota,8.54,2017,9,209.7,1.0,119964,Hybrid,Manual,3,0.0,4,38.2,15040.24
Toyota,8.65,2010,16,213.2,1.43,159812,Petrol,Automatic,1,2.0,4,25.8,7141.86
Audi,8.6,2013,13,269.7,4.05,174185,Petrol,Automatic,2,0.0,4,22.1,36533.11
Nissan,6.37,2009,17,169.2,3.16,199511,Hybrid,Manual,1,0.0,4,40.4,2627.52
Toyota,7.94,2021,5,162.5,2.41,36502,Hybrid,Manual,3,0.0,4,46.4,23005.25
Toyota,8.49,2025,1,228.4,0.0,6800,Electric,Automatic,3,0.0,4,12.0,33893.04
Nissan,6.45,2017,9,365.2,0.0,69593,Electric,Manual,2,2.0,4,12.0,19675.71
Tesla,8.43,2026,0,327.5,3.36,500,Diesel,Manual,3,1.0,4,27.3,60728.77
Toyota,8.03,2015,11,218.4,1.75,150753,Petrol,Automatic,1,1.0,4,24.0,14035.51
Subaru,7.43,2019,7,292.9,,89624,Electric,Manual,2,0.0,4,12.0,26822.34
Audi,8.59,2020,6,327.4,2.28,25985,Petrol,Manual,1,1.0,4,30.1,46785.28
Mazda,7.38,2025,1,178.9,2.03,7353,Petrol,Automatic,1,0.0,4,28.5,26323.39
Subaru,7.33,2026,0,209.5,3.08,500,Petrol,Automatic,2,0.0,4,26.9,37534.29
Hyundai,6.9,2012,14,195.3,2.31,215023,Petrol,Automatic,3,,4,24.1,5213.25
Honda,8.24,2018,8,211.6,1.03,104561,Diesel,Automatic,1,0.0,4,31.0,23144.6
Ford,5.76,2016,10,235.4,2.34,104658,Petrol,Automatic,1,0.0,4,30.4,15850.35
Audi,8.53,2024,2,411.0,0.0,28023,Electric,Manual,1,0.0,4,12.0,58634.89
Mazda,7.69,2010,16,195.6,1.0,150592,Diesel,Automatic,3,0.0,4,23.3,12150.72
Kia,6.72,2017,9,209.9,1.66,67018,Petrol,Automatic,1,0.0,2,32.1,13190.43
Nissan,6.24,2008,18,195.5,2.72,223866,Hybrid,Automatic,2,,4,36.6,2500.0
Subaru,7.58,2011,15,212.1,2.4,175137,Petrol,Automatic,2,1.0,4,29.3,12296.7
Audi,8.96,2021,5,294.8,,31462,Petrol,Manual,3,0.0,4,33.2,46370.75
Mazda,6.73,2011,15,179.5,3.26,278179,Petrol,Manual,3,,4,29.5,2500.0
Nissan,6.15,2018,8,249.5,2.18,60336,Petrol,Manual,2,0.0,4,30.0,17478.68
BMW,8.71,2023,3,320.1,2.79,31776,Hybrid,Automatic,1,0.0,4,32.5,56785.78
Hyundai,7.57,2016,10,210.6,2.08,136150,Petrol,Automatic,1,1.0,4,25.4,13562.0
Volkswagen,6.99,2012,14,162.2,1.95,190858,Hybrid,Automatic,2,0.0,4,35.4,10086.0
Honda,8.34,2014,12,244.9,2.15,144004,Petrol,Automatic,2,1.0,4,28.8,13714.89
Chevrolet,6.04,2022,4,125.5,2.66,17646,Petrol,Automatic,1,0.0,4,33.8,21379.94
Chevrolet,6.64,2012,14,164.7,2.26,84595,Diesel,Automatic,2,0.0,4,19.1,10904.08
Kia,6.43,2018,8,150.7,2.8,99427,Petrol,Automatic,2,1.0,4,30.0,8896.35
Hyundai,7.38,2019,7,178.3,1.22,62051,Petrol,Automatic,3,1.0,2,25.7,17042.44
Kia,6.51,2016,10,188.8,1.67,96121,Petrol,Automatic,2,1.0,4,37.0,11101.4
Chevrolet,6.13,2025,1,178.6,2.29,10353,Diesel,Automatic,2,0.0,4,19.3,23372.52
Tesla,8.63,2024,2,254.7,3.41,16517,Petrol,Automatic,1,0.0,2,19.3,57441.66
Nissan,6.53,2012,14,377.6,0.0,231076,Electric,Automatic,3,2.0,4,12.0,12343.7
Mazda,7.82,2012,14,147.4,2.49,213073,Diesel,Automatic,1,0.0,4,23.8,8016.01
Chevrolet,6.08,2014,12,130.6,2.82,217581,Hybrid,Manual,3,0.0,4,44.4,2500.0
Lexus,8.33,2011,15,357.8,,172467,Diesel,Manual,2,0.0,4,24.9,37938.21
Tesla,8.7,2020,6,305.8,2.97,93738,Petrol,Automatic,1,1.0,4,26.3,52620.12
Ford,5.81,2024,2,184.0,2.37,23701,Petrol,Automatic,1,0.0,2,30.0,26020.19
Nissan,6.59,2013,13,127.7,2.74,152724,Petrol,Automatic,1,0.0,2,38.2,6506.76
Hyundai,6.63,2011,15,196.0,3.2,148349,Petrol,Automatic,3,0.0,4,26.4,5032.29
BMW,8.67,2009,17,294.2,3.75,219494,Petrol,Automatic,3,0.0,4,27.6,33974.87
Tesla,8.57,2019,7,238.2,3.39,50679,Diesel,Manual,1,0.0,4,28.8,47835.84
Toyota,8.63,2023,3,144.1,1.46,31325,Diesel,Automatic,2,0.0,2,36.3,25742.33
Lexus,9.42,2008,18,279.5,2.28,207659,Petrol,Automatic,3,0.0,4,26.7,32046.93
Ford,6.55,2025,1,166.6,2.0,19718,Hybrid,Manual,2,0.0,4,37.6,24167.61
Kia,6.51,2026,0,214.4,1.0,500,Diesel,Automatic,1,0.0,4,26.9,25504.74
Hyundai,7.16,2020,6,216.3,1.15,56159,Petrol,Automatic,2,0.0,4,24.9,19463.36
Lexus,8.57,2012,14,261.7,3.92,194646,Petrol,Automatic,1,1.0,4,29.4,36472.75
Kia,6.26,2026,0,221.0,1.07,500,Petrol,Manual,2,0.0,4,20.8,23050.21
Hyundai,7.1,2017,9,216.9,2.01,139040,Petrol,Automatic,1,0.0,4,27.6,11922.29
Mazda,7.95,2018,8,188.4,3.04,68344,Diesel,Automatic,1,0.0,4,27.1,21636.8
Volkswagen,6.84,2016,10,196.5,1.01,127200,Hybrid,Automatic,1,1.0,2,39.7,15652.42
Ford,6.27,2024,2,256.3,1.81,27292,Petrol,Automatic,2,0.0,4,22.1,29306.99
Nissan,6.65,2009,17,171.4,2.94,221366,Petrol,Automatic,2,0.0,4,37.6,2500.0
Tesla,9.55,2021,5,295.6,3.78,56307,Diesel,Automatic,2,0.0,4,28.8,59898.52
Honda,8.31,2022,4,192.1,,48619,Hybrid,Automatic,1,2.0,4,31.7,29033.67
Nissan,6.1,2015,11,170.5,,100008,Diesel,Manual,2,1.0,4,23.7,5981.31
Toyota,9.08,2017,9,194.8,2.51,141555,Hybrid,Manual,1,0.0,2,37.7,17821.79
Chevrolet,5.9,2019,7,193.1,1.0,87715,Petrol,Automatic,1,1.0,4,28.8,11514.04
Volkswagen,7.0,2022,4,132.7,1.77,38739,Diesel,Automatic,2,0.0,4,30.3,21857.13
Mazda,7.15,2018,8,126.7,2.27,120388,Diesel,Manual,1,0.0,2,22.0,7839.74
Tesla,9.14,2012,14,205.0,2.25,186804,Petrol,Manual,3,0.0,4,32.5,32535.37
Volkswagen,5.9,2020,6,177.8,2.62,91128,Hybrid,Automatic,2,0.0,4,30.1,23354.64
Lexus,8.92,2012,14,258.3,2.26,166989,Petrol,Automatic,2,0.0,4,29.0,38945.83
Toyota,8.12,2015,11,262.4,0.0,130952,Electric,Automatic,1,0.0,4,12.0,21428.93
Hyundai,6.87,2019,7,206.4,1.42,82747,Petrol,Automatic,3,0.0,4,37.3,11364.52
Volkswagen,7.11,2019,7,179.9,2.66,67773,Diesel,Automatic,1,1.0,4,23.0,19861.0
Kia,6.3,2022,4,200.2,2.96,39483,Petrol,Automatic,1,0.0,4,28.6,21525.93
Mazda,7.32,2021,5,194.0,1.53,48060,Diesel,Automatic,3,0.0,4,34.5,23482.8
Volkswagen,6.97,2025,1,182.8,1.0,11837,Hybrid,Automatic,2,0.0,2,43.5,28614.27
Mazda,6.6,2021,5,249.9,0.0,68277,Electric,Automatic,2,0.0,4,12.0,28629.16
Kia,6.69,2026,0,169.7,1.63,2458,Petrol,Automatic,1,0.0,4,28.6,23445.33
Toyota,8.5,2020,6,162.8,1.49,74157,Hybrid,Automatic,2,0.0,4,39.1,24825.97
Chevrolet,6.31,2018,8,173.1,1.35,109276,Petrol,Manual,1,0.0,4,37.3,12162.42
Nissan,6.89,2019,7,214.2,1.82,90463,Petrol,Automatic,2,0.0,4,21.4,20608.76
Subaru,7.76,2020,6,233.8,2.23,49076,Diesel,Manual,1,0.0,4,32.3,25239.47
Mazda,7.11,2019,7,207.6,1.95,130829,Petrol,Automatic,2,2.0,4,29.0,16271.16
Hyundai,6.3,2013,13,253.7,0.0,182201,Electric,Automatic,2,0.0,4,12.0,10419.53
Ford,5.99,2010,16,198.5,1.36,129489,Petrol,Manual,2,0.0,4,20.9,3202.65
Mazda,7.27,2023,3,219.5,2.59,36923,Petrol,Automatic,3,0.0,4,22.6,26851.05
Tesla,8.51,2010,16,290.4,2.84,274259,Petrol,Automatic,1,0.0,4,,37598.42
Volkswagen,6.72,2010,16,205.2,1.61,185727,Hybrid,Manual,1,1.0,4,42.7,5596.57
Chevrolet,6.36,2008,18,192.8,1.92,144983,Diesel,Automatic,2,2.0,4,31.2,2500.0
Kia,6.21,2018,8,153.9,1.62,47832,Petrol,Automatic,3,0.0,2,19.7,11323.94
Audi,8.88,2020,6,280.0,5.42,78331,Hybrid,Automatic,1,1.0,4,35.4,47821.1
Volkswagen,6.25,2013,13,183.8,2.51,189315,Petrol,Automatic,2,0.0,4,28.0,12435.78
Ford,6.6,2011,15,192.2,,209504,Diesel,Manual,1,1.0,4,22.7,2500.0
BMW,8.56,2021,5,322.3,2.76,63289,Petrol,Automatic,2,0.0,4,24.5,48686.38
Hyundai,6.77,2018,8,166.3,2.45,122056,Petrol,Automatic,2,1.0,4,30.1,10663.08
Hyundai,7.01,2016,10,129.4,2.4,80959,Petrol,Automatic,2,3.0,4,27.5,8492.69
Lexus,8.72,2019,7,320.1,0.0,106083,Electric,Manual,1,0.0,4,12.0,46156.08
Subaru,7.85,2024,2,282.3,0.0,13710,Electric,Automatic,3,0.0,4,12.0,40843.79
Honda,8.26,2008,18,183.1,2.17,212938,Petrol,Manual,1,1.0,4,25.2,2938.47
Ford,5.57,2022,4,286.8,0.0,54981,Electric,Manual,1,0.0,4,,26985.34
Honda,8.68,2014,12,183.0,1.53,106600,Petrol,Automatic,2,0.0,4,38.3,13776.8
Chevrolet,5.96,2013,13,157.5,1.0,153954,Petrol,Automatic,1,0.0,4,31.7,3741.85
Honda,7.44,2018,8,214.1,2.64,97143,Diesel,Manual,2,0.0,4,,17146.86
Audi,8.51,2026,0,311.6,2.24,500,Diesel,Automatic,4,0.0,4,30.1,57476.97
Kia,6.24,2025,1,195.4,1.97,17769,Petrol,Automatic,2,0.0,4,25.1,23567.11
Ford,7.3,2011,15,166.8,2.14,199559,Petrol,Automatic,1,0.0,4,21.9,8321.13
Toyota,8.35,2009,17,223.8,2.91,110422,Petrol,Automatic,2,0.0,2,35.6,14875.77
Hyundai,6.69,2011,15,220.3,2.93,186094,Diesel,Automatic,1,2.0,4,28.9,5084.57
Chevrolet,6.24,2019,7,191.0,1.66,67849,Petrol,Manual,1,0.0,4,34.9,14133.59
Mazda,6.99,2021,5,190.2,2.58,78223,Petrol,Automatic,3,0.0,4,28.1,21911.82
Subaru,7.76,2026,0,149.9,2.0,785,Petrol,Automatic,2,0.0,2,26.8,32295.09
Mazda,7.41,2019,7,176.7,1.38,122895,Petrol,Manual,1,0.0,4,29.8,14956.4
Tesla,9.14,2022,4,280.5,0.0,39505,Electric,Automatic,2,0.0,4,12.0,56270.78
Toyota,9.02,2024,2,184.0,2.92,23973,Diesel,Automatic,2,0.0,2,32.5,31940.84
BMW,8.2,2014,12,278.1,3.07,156066,Hybrid,Manual,2,0.0,4,31.5,35094.88
Volkswagen,7.34,2022,4,133.5,1.0,41848,Petrol,Automatic,3,1.0,4,24.1,23694.55
Mazda,6.92,2021,5,168.5,2.08,65933,Petrol,Automatic,2,0.0,4,33.4,17594.82
Honda,8.19,2013,13,162.9,1.6,199794,Diesel,Automatic,1,0.0,4,34.8,9911.06
Hyundai,6.52,2009,17,184.3,2.79,148115,Petrol,Automatic,2,0.0,4,34.8,2500.0
Mazda,7.95,2014,12,319.1,0.0,132267,Electric,Automatic,3,0.0,4,12.0,21950.23
Mazda,7.6,2012,14,193.8,2.09,86625,Petrol,Automatic,2,1.0,4,28.6,9882.5
Mazda,7.45,2025,1,229.6,1.24,8987,Diesel,Automatic,3,0.0,4,30.3,29520.0
Subaru,7.48,2023,3,149.2,3.18,47614,Petrol,Automatic,1,0.0,4,29.8,26163.26
Ford,6.55,2021,5,164.5,1.99,15266,Petrol,Automatic,1,0.0,4,,19640.81
Nissan,6.3,2011,15,133.1,2.83,174114,Petrol,Automatic,1,0.0,4,26.4,4234.73
Volkswagen,6.99,2008,18,180.8,1.97,284673,Petrol,Automatic,2,1.0,4,19.6,3952.37
Ford,6.05,2021,5,249.6,,39818,Petrol,Automatic,1,0.0,4,31.2,22351.77
BMW,8.79,2017,9,249.6,2.49,123441,Hybrid,Automatic,1,1.0,4,35.7,41857.66
Nissan,5.97,2016,10,199.1,1.99,149590,Petrol,Automatic,3,1.0,4,38.3,8362.82
Volkswagen,7.01,2009,17,153.9,1.19,179171,Petrol,Manual,1,1.0,4,33.1,2500.0
Nissan,6.81,2016,10,170.0,3.03,88996,Petrol,Automatic,1,0.0,4,34.8,14606.01
Nissan,5.83,2013,13,264.0,0.0,132118,Electric,Automatic,1,1.0,4,12.0,13399.99
Subaru,7.1,2015,11,175.4,1.92,215903,Diesel,Automatic,2,0.0,4,21.4,15620.28
BMW,8.72,2017,9,365.1,2.59,118019,Petrol,Automatic,1,0.0,4,17.0,48568.61
Honda,8.56,2015,11,224.2,3.07,104645,Hybrid,Automatic,2,0.0,4,34.8,23057.52
Kia,6.72,2025,1,156.8,,11388,Diesel,Automatic,1,0.0,4,25.3,21911.63
Mazda,7.92,2021,5,189.2,1.3,47531,Petrol,Automatic,2,0.0,4,23.3,20892.15
Lexus,8.86,2015,11,277.7,2.64,48476,Petrol,Automatic,2,0.0,4,27.5,47192.26
Volkswagen,6.07,2010,16,206.7,2.87,165318,Petrol,Automatic,1,0.0,4,22.7,9833.16
Volkswagen,7.94,2012,14,233.8,0.0,169775,Electric,Automatic,1,0.0,4,12.0,18929.42
Volkswagen,7.01,2018,8,179.1,2.06,62445,Diesel,Automatic,2,0.0,4,30.4,21888.56
Kia,7.23,2013,13,146.6,1.1,157165,Hybrid,Automatic,3,0.0,4,38.3,7827.21
Lexus,9.52,2024,2,276.9,3.98,23274,Petrol,Manual,1,0.0,4,21.8,55335.8
Ford,6.89,2023,3,189.6,2.13,52090,Hybrid,Automatic,1,0.0,4,41.5,24856.92
Mercedes-Benz,8.6,2013,13,326.6,3.83,140946,Diesel,Automatic,1,0.0,4,25.9,44952.94
Subaru,7.95,2021,5,234.2,2.72,55647,Hybrid,Manual,4,1.0,4,43.8,26656.46
Volkswagen,6.73,2013,13,257.7,1.38,161390,Diesel,Automatic,1,1.0,4,30.1,13285.21
Volkswagen,6.55,2012,14,325.3,0.0,174819,Electric,Automatic,2,1.0,4,12.0,16718.81
Chevrolet,6.13,2014,12,176.2,3.1,82604,Petrol,Automatic,2,2.0,4,24.6,8779.3
Ford,6.27,2010,16,171.1,2.03,154224,Petrol,Automatic,1,0.0,4,24.7,7437.64
Ford,6.31,2020,6,179.2,2.82,67100,Petrol,Automatic,1,0.0,4,30.3,17590.54
Honda,7.51,2026,0,182.8,2.94,500,Petrol,Automatic,3,0.0,4,18.3,30516.22
Kia,6.35,2023,3,316.4,0.0,36155,Electric,Automatic,4,0.0,4,12.0,28867.74
Lexus,9.24,2026,0,243.7,0.0,500,Electric,Automatic,2,0.0,2,12.0,61912.09
Toyota,8.78,2016,10,275.9,0.0,124551,Electric,Automatic,2,2.0,4,12.0,25320.17
Nissan,6.46,2008,18,210.7,2.18,191532,Petrol,Manual,2,2.0,4,30.4,2500.0
Hyundai,6.74,2024,2,149.7,2.34,24674,Diesel,Automatic,1,0.0,4,35.7,21495.12
Audi,8.47,2013,13,263.6,2.58,157325,Petrol,Automatic,1,0.0,4,35.5,34218.67
Chevrolet,5.57,2008,18,316.7,0.0,151177,Electric,Automatic,1,0.0,4,12.0,12275.38
Honda,8.37,2010,16,357.3,0.0,209213,Electric,Automatic,1,0.0,4,12.0,22164.51
Kia,6.65,2020,6,228.6,1.0,70736,Diesel,Automatic,3,1.0,4,32.9,16547.8
Tesla,8.86,2021,5,349.2,0.0,50167,Electric,Automatic,1,1.0,4,12.0,59300.98
Ford,6.45,2013,13,182.9,1.97,195732,Petrol,Automatic,1,1.0,4,28.5,8516.08
Honda,7.93,2025,1,202.6,2.18,10797,Petrol,Automatic,4,0.0,2,30.4,28921.98
Kia,6.87,2010,16,196.5,2.99,187469,Diesel,Automatic,3,0.0,2,23.9,6199.55
Subaru,7.58,2017,9,134.9,2.28,44944,Petrol,Automatic,2,0.0,2,33.6,19084.9
Mercedes-Benz,8.67,2020,6,354.6,0.0,44897,Electric,Automatic,1,0.0,4,12.0,56460.56
Mercedes-Benz,9.14,2023,3,295.8,3.62,27957,Petrol,Automatic,1,0.0,4,21.2,58570.57
Mazda,7.25,2012,14,192.1,2.44,203434,Hybrid,Automatic,1,0.0,4,44.0,11213.24
Mercedes-Benz,8.92,2016,10,321.9,,138143,Petrol,Automatic,1,1.0,2,26.6,48257.83
Mazda,7.1,2025,1,136.0,3.07,22302,Petrol,Manual,3,1.0,4,25.8,20755.78
Mazda,7.47,2021,5,115.3,1.95,67044,Diesel,Automatic,1,0.0,4,,20879.62
Subaru,7.55,2022,4,150.7,1.0,54997,Hybrid,Automatic,2,1.0,4,36.2,24715.82
Kia,6.78,2021,5,177.7,2.07,60074,Hybrid,Automatic,1,0.0,2,36.2,20025.87
Nissan,6.95,2016,10,238.1,1.51,158947,Petrol,Automatic,1,0.0,4,26.2,18938.09
Chevrolet,6.33,2018,8,218.8,2.9,120175,Petrol,Automatic,2,1.0,4,31.6,16658.23
Hyundai,7.31,2025,1,180.3,2.8,5474,Petrol,Automatic,1,1.0,4,25.6,26197.04
BMW,9.03,2026,0,290.1,2.76,500,Petrol,Automatic,2,0.0,4,29.9,57322.03
Mazda,6.85,2021,5,178.6,1.63,28938,Petrol,Manual,3,0.0,2,25.9,17165.28
Chevrolet,6.02,2011,15,137.6,2.41,235953,Petrol,Automatic,1,0.0,4,26.5,2500.0
Volkswagen,7.4,2020,6,206.2,1.77,44676,Hybrid,Automatic,1,0.0,4,36.3,29099.44
Toyota,8.94,2013,13,186.2,1.4,112907,Hybrid,Manual,1,0.0,4,34.3,16927.4
Mazda,7.42,2020,6,195.4,1.65,97668,Diesel,Automatic,2,1.0,4,,20059.92
Honda,8.23,2013,13,180.0,1.4,179293,Petrol,Automatic,1,0.0,2,22.8,13976.3
Tesla,8.42,2010,16,267.1,3.18,167293,Petrol,Automatic,4,1.0,4,23.0,36144.13
Kia,6.13,2017,9,418.7,0.0,134906,Electric,Manual,2,0.0,2,12.0,17764.05
Mazda,7.68,2017,9,160.8,2.86,113184,Petrol,Automatic,1,0.0,2,23.6,17205.05
Kia,6.03,2017,9,213.0,1.36,66943,Petrol,Automatic,1,1.0,4,20.8,11431.05
Subaru,6.81,2026,0,143.0,1.0,500,Hybrid,Manual,4,0.0,2,40.1,26659.72
Nissan,6.34,2017,9,190.2,2.47,150296,Petrol,Automatic,1,0.0,4,32.0,13671.18
Lexus,10.0,2013,13,212.6,3.62,195857,Petrol,Automatic,1,0.0,4,24.9,36622.07
Honda,7.88,2012,14,204.3,1.94,96447,Diesel,Automatic,1,0.0,4,23.3,18094.76
Nissan,6.41,2019,7,202.6,3.02,110086,Petrol,Manual,1,0.0,4,31.2,17856.46
Nissan,6.25,2012,14,192.5,2.52,167097,Petrol,Automatic,2,0.0,4,18.8,5680.44
Mazda,6.95,2014,12,207.5,2.51,145592,Diesel,Automatic,2,1.0,4,35.4,9110.97
Honda,9.03,2024,2,157.7,1.47,32460,Petrol,Manual,2,0.0,4,25.2,26106.28
Honda,8.06,2025,1,169.7,,14858,Petrol,Automatic,2,0.0,4,21.0,30009.1
Nissan,6.53,2023,3,163.4,1.18,42642,Diesel,Automatic,2,0.0,2,34.7,20591.74
Chevrolet,6.31,2012,14,142.5,2.1,127465,Hybrid,Automatic,1,1.0,4,38.5,6547.02
Honda,8.75,2020,6,125.5,2.54,65367,Petrol,Automatic,2,0.0,2,27.7,20466.83
Subaru,7.92,2010,16,201.1,1.71,187624,Petrol,Automatic,2,0.0,4,28.6,14767.02
Honda,8.74,2019,7,209.3,3.07,116607,Hybrid,Automatic,1,0.0,2,32.5,25731.09
Subaru,7.4,2022,4,170.1,1.51,46882,Petrol,Automatic,1,0.0,4,34.3,25342.89
Toyota,8.41,2013,13,193.8,3.13,156247,Petrol,Manual,1,0.0,4,30.3,14066.84
BMW,9.37,2026,0,318.2,2.78,1948,Petrol,Automatic,1,1.0,4,31.5,58220.23
Mazda,7.93,2015,11,149.6,1.0,119454,Petrol,Automatic,1,1.0,4,27.1,12671.62
Honda,8.63,2024,2,180.7,1.16,26386,Petrol,Automatic,1,0.0,4,21.6,26281.77
Kia,6.16,2008,18,178.6,1.11,226168,Petrol,Manual,1,0.0,4,24.9,2500.0
Hyundai,6.07,2021,5,195.8,,45774,Hybrid,Automatic,1,0.0,2,43.1,19676.67
Chevrolet,5.57,2013,13,159.0,1.82,164534,Petrol,Automatic,1,1.0,4,24.1,3437.44
Lexus,9.06,2008,18,308.8,3.99,151308,Petrol,Automatic,1,1.0,4,26.3,40088.13
Subaru,7.49,2015,11,147.0,1.0,81467,Diesel,Manual,1,1.0,4,27.7,11527.2
Volkswagen,6.93,2020,6,178.7,0.0,67037,Electric,Automatic,2,0.0,4,12.0,24538.92
Toyota,8.26,2016,10,141.4,2.1,60144,Petrol,Automatic,2,0.0,4,29.6,17065.97
Honda,8.32,2024,2,162.3,2.61,12261,Petrol,Automatic,1,0.0,4,25.9,28827.98
Mercedes-Benz,9.24,2023,3,296.1,4.45,46956,Petrol,Automatic,2,0.0,4,32.5,58801.06
Toyota,8.93,2011,15,149.2,1.64,147010,Diesel,Automatic,1,0.0,2,30.2,10062.95
Lexus,9.59,2024,2,349.9,3.36,27061,Hybrid,Automatic,1,0.0,4,39.8,64327.51
Hyundai,7.28,2008,18,133.4,2.03,180212,Diesel,Manual,1,2.0,2,28.3,2500.0
Hyundai,6.47,2019,7,123.8,2.48,89900,Petrol,Manual,1,0.0,4,29.9,7364.79
Honda,7.63,2021,5,155.4,3.37,28926,Petrol,Automatic,2,0.0,4,21.4,23909.83
Toyota,8.21,2011,15,187.3,,213265,Petrol,Automatic,2,0.0,4,20.1,8910.45
Nissan,5.81,2023,3,150.5,1.59,53346,Petrol,Manual,2,0.0,4,41.7,15823.01
BMW,9.27,2025,1,290.3,3.24,10203,Petrol,Automatic,1,0.0,4,,56037.94
Ford,6.38,2026,0,205.7,2.02,2048,Petrol,Manual,1,0.0,2,16.5,26372.67
Lexus,9.09,2012,14,283.2,3.72,183694,Hybrid,Automatic,2,1.0,4,44.6,39482.25
Nissan,6.62,2020,6,167.0,1.79,79580,Hybrid,Manual,1,1.0,4,40.8,14355.91
Lexus,8.93,2017,9,282.3,2.51,72026,Petrol,Automatic,2,,4,26.3,40731.51
Toyota,8.5,2017,9,185.2,1.0,119368,Diesel,Automatic,4,0.0,4,22.8,16063.32
BMW,8.5,2016,10,243.6,3.35,119815,Hybrid,Manual,2,1.0,4,44.1,39635.2
Kia,6.55,2008,18,211.2,2.37,124381,Diesel,Automatic,2,1.0,4,,3311.87
Kia,6.83,2008,18,139.0,1.0,202222,Diesel,Automatic,1,4.0,4,20.5,2500.0
Ford,6.59,2010,16,218.4,2.01,95005,Petrol,Automatic,1,0.0,4,24.6,10362.26
Mercedes-Benz,9.22,2025,1,298.6,3.94,12930,Petrol,Automatic,3,0.0,4,28.7,61232.88
Nissan,6.94,2022,4,146.8,2.31,65406,Petrol,Automatic,3,0.0,4,30.0,16020.74
Hyundai,6.78,2008,18,206.4,1.53,375050,Petrol,Automatic,2,0.0,4,25.2,2500.0
Chevrolet,6.14,2023,3,160.1,1.44,38684,Petrol,Automatic,3,0.0,2,24.2,19597.37
Subaru,7.63,2009,17,175.8,1.0,310341,Petrol,Automatic,1,0.0,4,24.5,2500.0
Ford,6.35,2020,6,199.9,2.44,65478,Diesel,Automatic,2,1.0,4,23.9,14813.35
Mazda,6.81,2025,1,207.9,2.54,19160,Petrol,Automatic,2,0.0,2,24.2,27673.01
Subaru,8.27,2020,6,133.3,2.64,48851,Hybrid,Manual,3,0.0,4,35.5,21014.38
Mercedes-Benz,9.32,2014,12,293.0,3.38,131144,Petrol,Automatic,2,1.0,4,19.5,42889.66
Audi,8.65,2015,11,285.9,3.43,180768,Petrol,Manual,3,,4,26.3,31408.97
Volkswagen,6.98,2023,3,226.8,1.9,36846,Petrol,Manual,1,0.0,4,31.7,24867.51
Lexus,9.18,2015,11,341.7,3.71,107218,Petrol,Automatic,2,0.0,4,24.7,47935.69
Mercedes-Benz,8.5,2008,18,318.9,3.67,176010,Diesel,Automatic,1,1.0,4,33.0,37046.23
Hyundai,6.74,2016,10,107.8,1.49,151711,Hybrid,Automatic,1,1.0,4,29.0,7367.49
Nissan,6.09,2008,18,188.2,1.14,257014,Diesel,Automatic,1,1.0,4,28.8,2500.0
Ford,5.79,2022,4,179.4,1.4,49326,Diesel,Automatic,1,0.0,4,27.5,20960.38
Lexus,8.23,2016,10,269.7,3.91,80951,Diesel,Automatic,2,0.0,4,18.4,45031.55
Subaru,7.86,2025,1,159.6,1.67,500,Petrol,Automatic,2,0.0,4,32.2,35670.32
Kia,6.12,2009,17,217.3,1.21,172106,Petrol,Automatic,1,0.0,4,27.5,3030.12
Kia,6.58,2013,13,160.6,1.43,90223,Petrol,Automatic,1,2.0,4,27.6,5538.47
Subaru,7.28,2025,1,176.1,1.0,13562,Hybrid,Automatic,4,0.0,2,39.5,27927.03
Volkswagen,6.95,2017,9,193.4,2.63,78082,Hybrid,Manual,1,1.0,4,38.8,16830.42
Toyota,8.18,2022,4,212.7,0.0,65379,Electric,Automatic,1,0.0,4,12.0,27839.74
Ford,6.71,2017,9,153.4,1.78,169445,Petrol,Automatic,1,0.0,4,25.7,10362.57
Volkswagen,6.46,2024,2,209.0,0.0,31316,Electric,Manual,1,0.0,2,12.0,26622.25
Audi,8.52,2014,12,307.4,2.35,196509,Petrol,Automatic,2,0.0,4,24.1,38285.71
Hyundai,7.81,2020,6,140.4,1.0,108725,Petrol,Automatic,1,0.0,4,33.4,16226.66
Volkswagen,7.08,2014,12,228.1,2.4,111385,Petrol,Manual,1,2.0,4,31.8,11618.59
Hyundai,8.06,2018,8,213.5,2.65,135530,Petrol,Automatic,2,0.0,4,32.4,14814.14
Volkswagen,7.68,2014,12,204.1,1.0,201750,Petrol,Automatic,3,1.0,4,29.2,11547.84
BMW,9.36,2008,18,298.2,3.78,220296,Petrol,Automatic,1,0.0,4,29.1,34107.56
Tesla,9.05,2008,18,295.8,3.18,131465,Diesel,Automatic,1,1.0,4,27.0,41141.95
Volkswagen,7.43,2017,9,179.7,2.18,91277,Diesel,Manual,2,0.0,4,30.3,12375.92
BMW,9.24,2020,6,329.0,2.54,52723,Hybrid,Automatic,1,0.0,4,35.4,56234.13
Hyundai,6.92,2015,11,149.0,1.52,146985,Hybrid,Automatic,2,0.0,4,34.2,9289.69
Mazda,6.67,2016,10,173.1,1.15,136495,Petrol,Automatic,3,0.0,4,28.4,8015.31
Audi,8.02,2018,8,231.7,3.67,87165,Petrol,Automatic,1,2.0,4,28.1,38837.01
Subaru,7.56,2026,0,184.0,2.18,2298,Diesel,Automatic,3,0.0,4,24.5,29924.35
Nissan,6.68,2025,1,231.1,0.0,19882,Electric,Manual,4,0.0,4,12.0,26020.31
Honda,8.59,2024,2,139.0,2.51,18244,Petrol,Automatic,2,0.0,4,26.5,26814.48
Mazda,7.0,2023,3,197.0,2.38,48068,Petrol,Automatic,2,0.0,4,,25992.84
Audi,8.29,2009,17,212.8,3.52,267640,Petrol,Automatic,2,,4,30.6,26064.78
Lexus,9.33,2015,11,282.0,3.63,203713,Petrol,Automatic,2,0.0,4,33.7,43582.68
Ford,6.49,2020,6,188.7,2.17,84214,Hybrid,Automatic,1,2.0,4,34.3,15576.0
Lexus,9.69,2010,16,297.4,3.76,208930,Diesel,Automatic,1,0.0,4,24.4,37242.01
Nissan,5.82,2025,1,275.9,0.0,9083,Electric,Automatic,1,0.0,4,12.0,30797.25
Mazda,7.93,2026,0,150.7,2.72,500,Diesel,Manual,3,0.0,2,28.6,23097.89
Hyundai,7.38,2026,0,160.1,1.45,500,Petrol,Automatic,2,0.0,4,33.5,20669.63
Tesla,8.7,2024,2,300.0,4.36,19887,Hybrid,Automatic,2,0.0,4,36.3,63450.9
Volkswagen,6.56,2020,6,176.9,2.63,68880,Petrol,Automatic,2,0.0,4,31.6,19454.61
Subaru,8.35,2024,2,158.6,1.34,33391,Hybrid,Automatic,2,0.0,4,35.4,28682.7
BMW,8.35,2008,18,341.8,5.22,274819,Hybrid,Automatic,1,0.0,4,31.5,35342.19
Kia,6.23,2020,6,149.8,2.13,59001,Diesel,Automatic,1,0.0,2,32.7,12511.65
Honda,7.68,2018,8,182.6,1.82,61023,Diesel,Automatic,3,0.0,4,30.5,18987.54
Chevrolet,6.15,2017,9,380.4,0.0,96904,Electric,Manual,1,1.0,4,12.0,21353.83
BMW,8.62,2025,1,282.5,4.54,9345,Petrol,Automatic,1,0.0,4,32.5,53443.35
Kia,6.53,2026,0,178.1,2.02,500,Petrol,Automatic,1,0.0,4,27.7,25172.92
BMW,8.64,2015,11,270.7,4.03,115894,Petrol,Automatic,2,0.0,4,26.5,43513.05
Honda,8.07,2012,14,191.9,2.02,144487,Petrol,Automatic,1,1.0,4,29.8,11103.96
Tesla,9.61,2026,0,266.3,3.57,9736,Petrol,Automatic,1,0.0,4,19.6,62101.74
Volkswagen,6.76,2026,0,259.0,0.0,500,Electric,Automatic,1,0.0,4,12.0,35998.83
Chevrolet,6.41,2025,1,339.9,0.0,10608,Electric,Manual,2,0.0,4,12.0,30453.2
Honda,7.73,2019,7,204.1,3.36,87224,Diesel,Automatic,2,0.0,4,24.4,24267.96
Subaru,6.57,2012,14,170.8,2.22,237546,Diesel,Automatic,4,0.0,4,24.4,9485.01
Honda,8.43,2013,13,189.6,2.26,101479,Diesel,Automatic,1,0.0,4,29.7,18871.82
Mazda,7.77,2008,18,131.0,1.57,318823,Petrol,Automatic,1,0.0,4,,2500.0
Ford,6.98,2009,17,233.0,1.45,109459,Petrol,Automatic,1,2.0,4,33.5,3756.97
Chevrolet,5.74,2008,18,159.6,2.36,290518,Petrol,Manual,4,0.0,4,29.3,2500.0
Tesla,9.08,2021,5,375.2,0.0,65339,Electric,Automatic,4,0.0,2,12.0,57992.87
BMW,9.42,2025,1,240.7,3.68,6943,Petrol,Manual,3,1.0,4,29.8,48724.74
Subaru,7.62,2026,0,152.3,2.39,771,Diesel,Automatic,3,0.0,4,27.1,29055.3
Kia,5.97,2016,10,200.6,2.52,76889,Hybrid,Automatic,1,0.0,4,27.2,13198.81
Nissan,6.41,2008,18,174.8,1.89,175509,Petrol,Automatic,2,0.0,4,26.4,2500.0
Hyundai,6.71,2016,10,223.6,2.07,135778,Petrol,Manual,1,1.0,4,31.8,11563.34
Audi,9.27,2017,9,222.7,3.61,80742,Petrol,Automatic,1,0.0,4,31.9,42973.5
Honda,8.05,2023,3,128.7,1.0,48566,Petrol,Automatic,2,1.0,4,26.5,20372.96
Mazda,7.93,2018,8,109.6,1.82,94428,Petrol,Automatic,2,0.0,2,19.1,14468.37
Tesla,8.47,2021,5,284.0,3.56,43088,Diesel,Automatic,2,0.0,4,39.7,56201.03
Honda,8.05,2012,14,151.1,2.31,149805,Petrol,Automatic,2,0.0,4,27.9,8796.11
Hyundai,7.19,2013,13,111.5,2.56,102513,Petrol,Manual,3,1.0,2,24.0,2500.0
Chevrolet,6.48,2022,4,181.7,2.7,44098,Diesel,Automatic,2,1.0,4,31.0,21502.09
Lexus,8.93,2025,1,305.3,3.42,8456,Hybrid,Automatic,2,0.0,4,45.7,62156.0
Kia,5.88,2008,18,174.1,1.6,187559,Hybrid,Automatic,1,0.0,4,35.6,2500.0
Honda,8.14,2010,16,322.9,0.0,203985,Electric,Manual,2,0.0,4,12.0,14986.32
Honda,8.47,2026,0,150.7,2.37,1058,Petrol,Automatic,4,0.0,4,26.2,29947.42
Hyundai,6.62,2009,17,162.0,1.77,235179,Petrol,Automatic,2,0.0,4,27.0,2500.0
Toyota,8.48,2022,4,187.4,2.69,48921,Petrol,Automatic,1,0.0,4,29.4,29805.21
Toyota,9.05,2013,13,172.5,2.26,235879,Petrol,Automatic,2,1.0,4,28.9,8887.09
Hyundai,6.84,2024,2,180.2,2.82,25518,Petrol,Manual,1,0.0,4,29.9,21809.13
Chevrolet,5.37,2013,13,244.8,1.26,132777,Petrol,Automatic,2,,2,35.5,6166.56
Audi,8.74,2017,9,200.1,4.15,78826,Hybrid,Manual,1,3.0,4,44.1,33442.3
Kia,6.49,2013,13,139.2,1.0,129805,Petrol,Automatic,1,0.0,4,29.1,5887.27
Hyundai,6.68,2013,13,181.1,2.59,59915,Petrol,Automatic,2,1.0,4,24.7,12440.76
Kia,7.31,2013,13,224.2,1.6,169338,Diesel,Automatic,1,0.0,4,25.4,13470.91
Mazda,7.69,2021,5,150.0,0.0,48621,Electric,Manual,2,1.0,4,12.0,16754.84
Lexus,9.4,2018,8,303.6,4.14,152493,Petrol,Automatic,1,0.0,4,32.9,46643.07
Honda,8.25,2016,10,190.4,3.46,99224,Petrol,Manual,1,0.0,2,30.4,16749.71
Ford,6.39,2015,11,193.7,1.02,178356,Petrol,Manual,1,0.0,4,27.6,7021.59
Kia,6.5,2023,3,206.7,2.22,44447,Petrol,Automatic,1,0.0,4,32.1,22226.49
Volkswagen,7.0,2012,14,320.0,0.0,146222,Electric,Manual,3,2.0,4,12.0,14384.34
Subaru,7.5,2013,13,217.7,2.89,218244,Petrol,Automatic,4,1.0,4,31.3,12076.24
Lexus,8.76,2018,8,250.0,3.3,57894,Petrol,Manual,1,0.0,4,32.2,45200.63
Honda,8.47,2015,11,175.6,1.22,109493,Hybrid,Automatic,2,1.0,4,41.4,14583.59
Kia,7.02,2013,13,153.6,2.04,107217,Diesel,Automatic,1,,4,33.8,6480.27
Audi,8.84,2010,16,302.5,3.4,234894,Petrol,Automatic,2,0.0,2,32.2,30490.95
Toyota,8.55,2010,16,201.4,2.01,99637,Petrol,Manual,1,3.0,4,33.3,7920.36
Nissan,5.75,2025,1,180.7,2.38,12992,Petrol,Automatic,2,0.0,4,21.2,21792.34
Chevrolet,6.42,2013,13,192.4,2.97,132033,Petrol,Automatic,2,0.0,4,27.3,8192.16
Hyundai,7.08,2025,1,136.9,2.35,1161,Diesel,Automatic,3,1.0,4,24.8,21945.6
Toyota,8.36,2016,10,210.7,2.25,118516,Petrol,Automatic,1,1.0,4,28.5,20697.62
Lexus,9.39,2011,15,370.2,0.0,218318,Electric,Automatic,1,0.0,4,12.0,42741.9
Ford,6.31,2014,12,195.2,2.11,98197,Petrol,Automatic,4,0.0,4,27.3,11944.82
Volkswagen,7.02,2023,3,209.1,1.4,28667,Diesel,Automatic,1,0.0,4,22.7,29136.16
Ford,6.15,2020,6,196.2,2.39,48529,Petrol,Automatic,1,0.0,4,24.1,19686.6
Honda,8.32,2020,6,142.0,1.67,60277,Petrol,Manual,1,0.0,4,21.9,17055.26
Ford,6.42,2026,0,153.5,2.55,2457,Petrol,Manual,3,0.0,4,30.0,23899.84
Mazda,7.77,2026,0,141.3,1.3,500,Petrol,Automatic,2,0.0,4,26.6,26995.24
Mazda,7.37,2021,5,233.8,2.57,68149,Diesel,Automatic,2,0.0,4,,26318.59
Mercedes-Benz,9.26,2014,12,286.2,1.89,191467,Petrol,Automatic,1,0.0,4,35.5,41920.03
Toyota,8.96,2009,17,106.2,2.36,179212,Diesel,Manual,4,0.0,4,25.1,2500.0
Subaru,7.93,2009,17,199.7,1.75,169651,Diesel,Automatic,1,0.0,4,22.1,14440.96
Honda,8.29,2021,5,103.5,1.17,83114,Petrol,Automatic,2,0.0,4,41.4,16478.32
Hyundai,6.34,2022,4,187.9,2.35,50103,Petrol,Automatic,3,0.0,2,27.1,18757.24
Nissan,5.84,2011,15,149.2,2.58,231071,Hybrid,Automatic,1,1.0,4,42.9,2500.0
Honda,8.28,2016,10,156.9,1.22,122847,Hybrid,Automatic,4,1.0,4,38.9,16745.73
Kia,6.39,2023,3,320.6,0.0,22710,Electric,Automatic,3,0.0,4,,31104.0
Volkswagen,6.8,2013,13,146.5,2.06,191918,Petrol,Automatic,1,1.0,4,23.6,5558.37
Subaru,8.18,2012,14,136.1,2.23,207021,Hybrid,Automatic,1,0.0,4,38.5,11171.54
Audi,8.92,2017,9,278.3,2.36,128792,Petrol,Automatic,1,1.0,4,,39002.59
Subaru,7.44,2021,5,135.6,1.27,78915,Petrol,Automatic,2,2.0,4,31.5,14528.78
Subaru,7.04,2009,17,175.4,2.3,258795,Hybrid,Automatic,2,0.0,4,31.2,8669.56
Chevrolet,5.84,2023,3,135.5,1.5,18012,Petrol,Manual,2,1.0,4,24.1,14805.17
Subaru,8.14,2023,3,196.8,2.18,20144,Petrol,Automatic,3,0.0,4,29.2,30941.46
Subaru,7.79,2016,10,364.7,0.0,157094,Electric,Manual,1,3.0,4,12.0,20372.44
Nissan,7.12,2008,18,240.5,1.49,248833,Petrol,Automatic,1,1.0,4,33.0,2909.45
BMW,8.48,2008,18,218.0,3.34,190926,Petrol,Manual,3,1.0,2,21.7,21992.81
Audi,8.06,2016,10,361.5,0.0,133671,Electric,Automatic,1,0.0,4,12.0,43762.1
Tesla,8.56,2018,8,235.3,3.21,119893,Petrol,Automatic,1,0.0,4,26.4,48395.87
Toyota,8.23,2016,10,133.9,1.99,98334,Petrol,Automatic,2,0.0,4,30.1,19513.12
Kia,6.33,2023,3,297.2,0.0,42988,Electric,Automatic,3,0.0,4,12.0,25040.97
Mazda,7.01,2026,0,182.3,1.21,7010,Hybrid,Automatic,2,0.0,4,38.4,31268.16
Nissan,5.65,2011,15,161.6,1.74,232066,Hybrid,Automatic,1,1.0,4,40.4,2500.0
Honda,8.0,2014,12,235.0,1.07,146079,Petrol,Manual,1,1.0,4,30.2,11830.02
Ford,6.87,2024,2,135.4,2.72,31420,Diesel,Automatic,3,0.0,4,32.0,19667.15
BMW,8.71,2017,9,209.5,4.24,16444,Hybrid,Automatic,1,2.0,4,36.2,44670.79
Mercedes-Benz,9.16,2012,14,244.6,2.86,157067,Petrol,Automatic,2,1.0,4,35.2,36012.2
Nissan,6.78,2018,8,119.9,1.88,104242,Hybrid,Automatic,2,0.0,4,34.5,14582.68
Subaru,7.4,2013,13,140.7,2.16,125658,Petrol,Automatic,4,3.0,4,28.2,9770.93
Chevrolet,5.27,2012,14,258.2,2.15,196760,Hybrid,Automatic,1,1.0,4,39.3,11013.34
Toyota,7.74,2022,4,175.5,3.35,75487,Petrol,Automatic,4,0.0,4,28.6,19924.37
Mazda,6.64,2013,13,196.9,1.52,198460,Petrol,Automatic,1,0.0,4,31.3,9033.76
Chevrolet,6.48,2021,5,207.2,1.0,37314,Petrol,Automatic,1,0.0,4,29.2,18734.16
Nissan,5.93,2009,17,169.0,2.67,185352,Petrol,Automatic,1,1.0,4,20.2,2500.0
Mazda,7.43,2023,3,189.9,1.36,24275,Petrol,Automatic,1,1.0,4,29.7,24597.27
Subaru,7.97,2010,16,261.1,2.83,186078,Hybrid,Automatic,3,1.0,4,43.6,14841.72
Chevrolet,6.48,2019,7,201.7,2.3,90771,Hybrid,Automatic,1,1.0,4,38.5,18283.53
Honda,8.54,2025,1,157.8,2.35,500,Petrol,Automatic,1,0.0,4,25.3,31002.47
Mazda,7.5,2008,18,165.1,2.03,288772,Diesel,Automatic,1,0.0,4,32.1,2500.0
Lexus,9.38,2014,12,282.3,3.32,95310,Hybrid,Automatic,1,0.0,4,41.9,49660.94
Tesla,8.69,2025,1,262.3,3.08,17371,Petrol,Manual,1,0.0,4,,57449.34
Honda,8.45,2014,12,153.6,2.24,128742,Hybrid,Manual,1,0.0,4,30.8,13556.52
Honda,8.44,2026,0,337.5,0.0,500,Electric,Automatic,1,0.0,4,12.0,41705.52
Lexus,8.16,2017,9,339.0,3.76,41215,Petrol,Automatic,1,0.0,4,28.3,52491.76
Honda,8.06,2018,8,179.2,2.07,120511,Petrol,Automatic,1,1.0,4,16.6,20323.98
Volkswagen,7.21,2008,18,137.4,2.98,204342,Diesel,Automatic,2,2.0,4,30.2,2500.0
Nissan,6.29,2011,15,242.2,1.66,145905,Diesel,Automatic,2,1.0,4,,5815.08
Nissan,6.52,2026,0,199.6,2.34,500,Petrol,Automatic,1,0.0,4,27.6,24078.21
Ford,6.22,2023,3,196.8,3.82,24415,Diesel,Automatic,3,0.0,4,28.0,26922.28
Subaru,7.62,2024,2,172.7,,35008,Diesel,Automatic,2,0.0,2,21.2,27989.62
Subaru,7.11,2017,9,206.0,2.27,92537,Petrol,Manual,2,0.0,4,25.6,15787.83
Hyundai,6.65,2017,9,198.5,2.34,136286,Petrol,Manual,2,0.0,4,29.6,12308.98
Subaru,7.07,2017,9,167.6,1.0,106648,Petrol,Automatic,3,1.0,4,26.8,17437.56
Tesla,8.99,2024,2,263.7,3.66,24478,Diesel,Automatic,1,0.0,4,32.4,58052.06
Nissan,6.53,2014,12,144.3,1.85,128056,Petrol,Automatic,3,1.0,4,37.8,5086.39
Mazda,7.71,2019,7,138.3,3.18,69204,Petrol,Manual,2,0.0,4,23.0,16140.9
Chevrolet,5.74,2021,5,148.6,2.09,48936,Petrol,Automatic,1,1.0,4,31.0,15337.26
Hyundai,6.74,2010,16,202.3,1.15,227215,Diesel,Automatic,2,0.0,4,23.3,2500.0
Mercedes-Benz,8.24,2023,3,233.5,3.28,39185,Diesel,Automatic,1,1.0,4,21.7,50053.68
Subaru,7.91,2014,12,174.5,2.44,142255,Petrol,Automatic,3,0.0,2,12.0,16297.48
Toyota,8.18,2011,15,194.4,1.85,266864,Hybrid,Manual,2,1.0,4,46.5,5875.65
Ford,6.44,2019,7,157.2,2.72,94827,Petrol,Automatic,1,0.0,4,33.0,15993.64
Nissan,5.94,2020,6,211.8,1.96,90354,Diesel,Automatic,2,0.0,2,26.5,17425.29
Subaru,7.59,2018,8,171.8,1.47,98635,Hybrid,Automatic,2,0.0,2,49.3,21835.17
Honda,8.39,2026,0,210.6,2.67,4213,Diesel,Automatic,1,0.0,4,40.4,33984.48
Subaru,7.44,2025,1,198.6,2.2,5027,Diesel,Manual,2,2.0,4,26.9,25024.78
Chevrolet,6.15,2011,15,178.1,1.72,179815,Petrol,Automatic,2,1.0,4,24.4,2500.0
Toyota,8.23,2009,17,141.4,1.0,236047,Petrol,Automatic,1,0.0,4,27.6,2500.0
Volkswagen,7.59,2026,0,142.3,1.75,2322,Diesel,Automatic,1,0.0,2,,27667.08
Nissan,6.35,2024,2,167.7,2.26,19150,Petrol,Automatic,2,0.0,4,26.4,26038.03
Tesla,8.95,2020,6,270.9,3.07,77691,Petrol,Automatic,1,1.0,4,27.4,53225.17
BMW,8.78,2023,3,280.9,4.69,33728,Diesel,Automatic,4,0.0,2,27.7,51016.1
Subaru,7.54,2024,2,178.1,2.34,14892,Petrol,Automatic,2,0.0,4,32.5,31016.88
Subaru,7.1,2024,2,239.4,3.06,30726,Hybrid,Automatic,1,0.0,4,34.0,33966.4
Hyundai,6.7,2024,2,179.1,1.17,21536,Diesel,Automatic,3,0.0,4,,22533.1
Hyundai,7.09,2009,17,155.9,2.76,186430,Hybrid,Automatic,1,0.0,4,42.2,3237.48
Toyota,8.88,2022,4,240.7,0.0,36507,Electric,Automatic,3,1.0,4,12.0,32188.22
Volkswagen,7.63,2015,11,164.4,2.42,148041,Diesel,Automatic,1,0.0,4,22.2,15958.34
Kia,7.04,2018,8,249.6,1.56,91945,Petrol,Manual,1,0.0,4,29.9,15442.17
Toyota,8.61,2024,2,181.8,2.15,35193,Petrol,Automatic,3,0.0,4,34.9,30309.55
Volkswagen,7.15,2013,13,301.0,0.0,205517,Electric,Manual,1,0.0,2,12.0,21143.35
Toyota,8.77,2010,16,166.4,2.33,146226,Diesel,Automatic,1,1.0,4,23.1,10476.72
Tesla,8.25,2021,5,322.6,3.26,28168,Petrol,Manual,4,1.0,2,24.7,51011.87
Honda,8.34,2022,4,162.6,1.34,33971,Petrol,Automatic,3,1.0,4,16.7,26047.57
Ford,6.61,2017,9,214.9,2.37,84058,Hybrid,Automatic,2,2.0,4,38.1,17150.69
Nissan,6.98,2024,2,179.4,3.12,18920,Petrol,Automatic,3,0.0,4,30.6,22931.4
Chevrolet,6.11,2011,15,205.0,1.79,189321,Petrol,Automatic,1,0.0,4,23.8,4040.47
Nissan,6.53,2019,7,196.3,1.71,115420,Diesel,Manual,1,0.0,4,27.5,10531.72
Volkswagen,7.3,2020,6,266.2,0.0,75927,Electric,Automatic,2,0.0,4,12.0,31017.83
Honda,8.61,2026,0,162.3,3.07,11822,Petrol,Manual,2,0.0,4,23.3,29193.41
Audi,8.53,2011,15,283.0,2.17,166936,Diesel,Automatic,2,0.0,4,32.6,32856.2
Toyota,8.35,2017,9,249.8,1.54,137096,Hybrid,Manual,1,0.0,2,35.1,19763.51
Toyota,8.5,2008,18,144.1,2.25,286553,Hybrid,Automatic,4,1.0,4,42.2,2500.0
Mazda,7.72,2012,14,196.1,2.12,100472,Petrol,Manual,3,0.0,4,29.1,8024.67
Subaru,7.04,2009,17,148.4,2.12,215859,Diesel,Automatic,1,1.0,4,23.2,4975.18
Hyundai,6.73,2009,17,185.5,2.6,259631,Petrol,Automatic,1,0.0,4,28.6,2500.0
Audi,8.9,2008,18,202.2,0.0,288050,Electric,Automatic,1,0.0,4,12.0,23198.26
Ford,6.34,2017,9,141.5,1.85,104716,Petrol,Automatic,1,0.0,2,22.0,13517.54
Toyota,8.46,2011,15,237.7,2.44,245769,Petrol,Manual,1,2.0,2,37.1,5498.94
Honda,7.93,2012,14,190.2,2.32,141759,Petrol,Manual,2,0.0,4,20.6,13905.85
Ford,6.79,2017,9,369.6,0.0,30542,Electric,Automatic,1,1.0,4,12.0,28096.77
Subaru,8.37,2024,2,160.2,1.3,23837,Petrol,Automatic,4,0.0,4,28.6,27328.26
Honda,8.52,2020,6,185.6,2.26,73095,Diesel,Automatic,2,1.0,4,27.4,19394.5
Kia,6.98,2026,0,221.6,1.71,500,Diesel,Automatic,4,0.0,4,29.3,25410.97
Hyundai,6.7,2010,16,289.5,0.0,155841,Electric,Automatic,1,1.0,4,12.0,15032.57
Audi,8.14,2012,14,259.2,3.6,223240,Hybrid,Manual,1,1.0,4,40.4,29121.82
Ford,6.42,2012,14,153.8,2.1,158469,Diesel,Automatic,1,0.0,4,37.7,6923.42
Toyota,8.38,2010,16,186.9,3.07,250299,Petrol,Automatic,3,0.0,2,38.0,5968.02
Honda,8.17,2014,12,197.1,3.13,137175,Hybrid,Automatic,1,2.0,4,33.9,17005.08
Honda,7.97,2016,10,157.5,1.79,165520,Diesel,Automatic,1,1.0,4,,13532.34
Mercedes-Benz,9.39,2018,8,368.0,3.62,118227,Petrol,Automatic,1,1.0,4,,51337.34
Ford,6.98,2010,16,143.2,1.49,156821,Petrol,Automatic,4,1.0,2,24.5,2500.0
Chevrolet,5.86,2017,9,186.9,1.0,75231,Diesel,Automatic,2,0.0,4,31.9,16183.02
Volkswagen,6.36,2018,8,158.9,2.39,81081,Diesel,Manual,1,0.0,4,25.8,13615.92
Hyundai,6.27,2021,5,185.2,2.51,72790,Hybrid,Automatic,1,0.0,4,41.3,20190.18
Nissan,5.65,2020,6,188.3,2.3,84557,Petrol,Automatic,1,0.0,4,37.6,16710.56
Nissan,6.32,2018,8,207.9,2.27,59138,Petrol,Automatic,2,0.0,4,33.4,15694.6
Chevrolet,6.75,2010,16,163.1,2.34,207433,Petrol,Automatic,1,0.0,4,27.8,2500.0
Mercedes-Benz,9.45,2024,2,227.6,0.0,24790,Electric,Automatic,1,0.0,4,12.0,59616.52
BMW,8.82,2017,9,207.7,2.6,86646,Petrol,Automatic,1,1.0,4,12.0,42790.3
Chevrolet,6.5,2026,0,246.9,1.0,1220,Petrol,Automatic,2,0.0,4,21.4,28111.2
Honda,8.59,2021,5,203.1,2.67,71384,Petrol,Automatic,1,0.0,4,21.1,24034.12
Mercedes-Benz,8.58,2020,6,259.0,4.26,45536,Hybrid,Manual,2,0.0,4,29.7,52111.31
Honda,8.82,2011,15,175.4,1.93,207034,Diesel,Manual,4,1.0,4,30.1,3291.16
Kia,7.3,2010,16,171.4,2.28,198542,Diesel,Manual,1,0.0,4,31.1,2500.0
Mercedes-Benz,9.2,2024,2,334.7,2.19,23869,Petrol,Automatic,1,1.0,2,28.2,58825.56
Mazda,7.0,2017,9,177.8,1.19,136600,Hybrid,Manual,1,0.0,2,22.5,15085.01
Chevrolet,6.22,2021,5,208.9,1.75,48767,Petrol,Automatic,2,0.0,4,32.4,18513.25
Tesla,8.98,2012,14,270.9,2.52,155742,Petrol,Manual,2,0.0,4,14.8,38383.77
Honda,7.78,2015,11,210.1,1.0,139193,Hybrid,Automatic,1,,4,32.1,16701.34
BMW,8.62,2024,2,228.8,2.83,18676,Diesel,Manual,1,0.0,4,18.2,48467.99
Hyundai,7.79,2014,12,159.4,1.59,162594,Petrol,Automatic,3,,4,23.3,7418.65
Honda,8.44,2012,14,157.7,1.66,202037,Petrol,Automatic,1,0.0,4,27.5,10667.66
Chevrolet,5.97,2020,6,175.7,1.76,58478,Petrol,Automatic,1,0.0,4,28.8,15420.51
Tesla,7.93,2017,9,280.4,2.66,126608,Petrol,Manual,4,0.0,4,25.9,44707.55
Lexus,8.86,2023,3,261.8,1.97,21318,Petrol,Automatic,2,0.0,2,19.1,52813.28
Kia,6.6,2023,3,179.9,1.64,24341,Petrol,Automatic,2,0.0,2,19.7,20894.9
Toyota,8.28,2023,3,371.8,0.0,22565,Electric,Manual,3,0.0,4,12.0,35000.11
Toyota,8.4,2016,10,231.7,2.06,76114,Petrol,Automatic,2,0.0,4,34.6,24753.72
Chevrolet,6.37,2019,7,168.9,1.0,97418,Hybrid,Automatic,1,1.0,4,36.6,16552.63
Chevrolet,6.17,2020,6,216.2,1.0,62841,Hybrid,Manual,1,0.0,2,37.1,19956.56
Subaru,7.61,2012,14,286.5,0.0,193067,Electric,Automatic,4,0.0,4,12.0,18461.18
Mercedes-Benz,8.34,2008,18,271.6,4.86,348278,Diesel,Automatic,1,0.0,4,28.7,27955.16
Toyota,9.08,2010,16,209.2,1.82,204451,Petrol,Automatic,1,1.0,4,36.4,11992.72
Volkswagen,6.3,2025,1,106.3,3.4,9545,Hybrid,Manual,1,2.0,4,29.2,20431.42
Chevrolet,6.36,2015,11,225.1,1.67,123854,Petrol,Manual,3,0.0,4,,10596.73
Mercedes-Benz,9.51,2014,12,338.5,4.32,150595,Diesel,Automatic,2,0.0,4,25.2,48267.82
Volkswagen,6.2,2023,3,155.7,3.59,36020,Petrol,Manual,2,0.0,4,31.9,24938.37
Hyundai,6.63,2014,12,225.0,1.46,302930,Petrol,Automatic,1,0.0,4,31.0,4838.76
Toyota,9.16,2025,1,223.3,2.54,709,Petrol,Automatic,1,0.0,4,18.2,35462.59
Volkswagen,6.88,2009,17,138.6,2.93,97718,Hybrid,Manual,1,1.0,4,40.6,9482.35
Volkswagen,6.91,2014,12,236.8,1.5,139691,Petrol,Automatic,1,0.0,4,27.6,14967.38
Ford,6.88,2020,6,274.9,0.0,48096,Electric,Manual,1,0.0,4,12.0,23533.01
Hyundai,6.81,2010,16,206.6,2.25,251871,Diesel,Automatic,2,1.0,4,25.2,2500.0
Audi,8.17,2013,13,242.1,2.75,120806,Hybrid,Manual,1,,2,38.1,30714.23
Ford,6.38,2022,4,160.7,2.13,41957,Diesel,Automatic,1,0.0,4,26.4,19636.71
Ford,6.08,2015,11,143.1,1.26,153718,Diesel,Automatic,2,1.0,2,22.9,7162.05
Honda,8.67,2011,15,137.9,1.58,101528,Hybrid,Automatic,2,1.0,4,40.3,7661.06
Honda,7.79,2013,13,146.7,1.54,118514,Petrol,Automatic,1,0.0,4,28.2,11303.63
Audi,8.58,2010,16,312.8,4.31,188165,Petrol,Automatic,1,1.0,4,19.7,36236.08
Hyundai,6.28,2008,18,236.9,1.0,237767,Petrol,Automatic,2,1.0,4,33.3,2500.0
Nissan,6.14,2026,0,199.1,1.23,558,Hybrid,Automatic,1,0.0,2,43.5,27719.24
Lexus,8.57,2010,16,355.5,3.15,142546,Petrol,Manual,2,1.0,4,25.3,38396.72
Honda,8.31,2023,3,125.6,3.31,44816,Diesel,Automatic,3,0.0,4,25.6,26303.85
Kia,7.28,2013,13,214.7,2.06,165052,Diesel,Manual,1,1.0,4,27.9,4331.87
Tesla,8.33,2022,4,286.2,,52659,Petrol,Manual,1,0.0,4,27.1,54759.79
Chevrolet,6.12,2013,13,181.6,1.3,188928,Hybrid,Automatic,4,0.0,4,40.4,4848.66
Nissan,6.52,2015,11,144.0,2.53,113906,Hybrid,Automatic,3,2.0,4,33.3,8053.02
Volkswagen,6.64,2013,13,184.6,1.95,204263,Petrol,Automatic,1,0.0,4,31.7,11456.21
Lexus,9.55,2022,4,318.2,0.0,53743,Electric,Automatic,2,0.0,4,12.0,58375.36
Tesla,8.44,2018,8,274.7,3.09,110276,Petrol,Automatic,3,0.0,4,27.1,48422.98
Lexus,8.73,2017,9,282.0,3.58,119117,Petrol,Manual,2,0.0,4,31.3,45429.3
Honda,8.64,2019,7,175.3,1.02,70699,Petrol,Manual,1,0.0,4,33.4,18815.13
Nissan,5.93,2025,1,174.1,2.56,17350,Petrol,Automatic,3,0.0,4,27.8,22049.29
Honda,7.88,2008,18,254.0,0.0,137867,Electric,Manual,1,0.0,4,12.0,13298.93
Mazda,7.66,2019,7,172.6,1.25,96411,Diesel,Automatic,2,0.0,4,31.7,17889.62
Honda,8.66,2015,11,164.9,2.31,64122,Petrol,Automatic,3,0.0,4,29.2,22453.01
Tesla,8.99,2012,14,285.5,0.0,161882,Electric,Automatic,1,1.0,4,12.0,44764.68
Ford,6.65,2021,5,203.1,2.99,55876,Petrol,Automatic,2,0.0,4,26.1,20920.9
Audi,8.68,2025,1,187.5,3.53,13334,Hybrid,Automatic,2,1.0,4,32.6,50174.25
Volkswagen,6.89,2024,2,169.8,3.01,23362,Diesel,Automatic,1,0.0,4,28.8,23707.55
Lexus,8.56,2023,3,292.8,0.0,41932,Electric,Automatic,2,1.0,4,12.0,54700.55
Ford,5.79,2013,13,142.3,1.95,151975,Petrol,Automatic,1,1.0,4,25.6,4270.84
Mazda,7.89,2012,14,157.9,2.39,165607,Diesel,Manual,4,0.0,2,17.6,2500.0
Kia,6.07,2018,8,148.7,1.08,80155,Petrol,Automatic,4,0.0,4,30.3,8112.61
Kia,6.44,2017,9,171.1,3.51,116656,Hybrid,Automatic,1,,4,37.2,13080.85
Chevrolet,6.37,2020,6,313.1,0.0,55773,Electric,Manual,4,1.0,4,12.0,16546.76
Honda,8.12,2025,1,145.7,1.74,3651,Diesel,Automatic,1,0.0,4,28.3,25622.64
Nissan,6.99,2011,15,195.1,1.39,139952,Petrol,Automatic,1,0.0,4,36.6,7309.06
Subaru,7.75,2014,12,201.2,1.88,142074,Petrol,Automatic,1,0.0,4,25.3,18140.89
Volkswagen,6.91,2013,13,239.2,1.23,173839,Diesel,Automatic,1,0.0,4,21.4,16827.91
Nissan,6.21,2023,3,196.4,2.09,37647,Diesel,Automatic,2,0.0,4,23.5,18854.44
Toyota,8.15,2023,3,208.9,2.36,40167,Petrol,Automatic,1,0.0,4,32.5,31123.02
Chevrolet,6.07,2011,15,168.2,1.25,185072,Petrol,Automatic,1,1.0,4,33.7,2500.0
Chevrolet,6.31,2017,9,137.1,2.27,114973,Petrol,Automatic,3,0.0,4,16.6,10064.89
Kia,7.15,2008,18,204.5,2.13,266764,Petrol,Automatic,1,0.0,4,18.5,2500.0
Mercedes-Benz,8.83,2015,11,327.0,3.11,119829,Hybrid,Manual,2,0.0,4,,45987.72
Nissan,5.86,2013,13,223.8,2.57,131332,Petrol,Automatic,2,0.0,4,21.3,7639.11
Hyundai,6.63,2024,2,145.0,1.97,19210,Diesel,Manual,4,0.0,4,24.1,15610.75
Honda,8.35,2014,12,197.2,2.02,117803,Petrol,Automatic,1,0.0,4,32.2,16819.7
Subaru,7.4,2013,13,198.5,1.8,191811,Hybrid,Automatic,1,1.0,4,43.7,14877.56
Toyota,8.46,2014,12,103.2,1.42,146195,Petrol,Automatic,1,0.0,4,31.6,8847.41
Kia,7.32,2010,16,146.5,1.57,171459,Diesel,Automatic,4,0.0,4,25.7,2500.0
Toyota,8.14,2022,4,278.7,0.0,42538,Electric,Manual,1,1.0,4,12.0,26747.37
Subaru,7.88,2014,12,159.6,1.17,161203,Petrol,Automatic,2,2.0,2,29.5,9811.33
Mercedes-Benz,9.24,2023,3,320.0,3.13,33047,Hybrid,Automatic,2,0.0,4,36.2,57310.51
Chevrolet,5.37,2017,9,192.7,2.03,104463,Hybrid,Automatic,3,2.0,4,40.5,10313.03
Toyota,8.92,2008,18,189.3,2.48,318279,Petrol,Automatic,1,1.0,4,26.7,3524.34
Kia,7.68,2019,7,203.7,2.03,83362,Petrol,Manual,1,1.0,4,28.1,14295.91
Honda,8.35,2012,14,203.9,1.83,179391,Diesel,Manual,1,0.0,4,29.3,12969.81
Subaru,7.55,2022,4,151.2,1.0,61913,Petrol,Manual,4,0.0,4,29.6,20604.68
Subaru,8.02,2011,15,143.6,1.94,228591,Petrol,Automatic,1,3.0,4,30.0,2500.0
Chevrolet,6.01,2024,2,184.8,3.36,27229,Petrol,Manual,1,0.0,2,32.1,17458.43
BMW,9.05,2011,15,329.0,3.53,149501,Petrol,Automatic,2,0.0,2,22.6,37994.41
Honda,8.48,2021,5,164.9,2.4,57433,Diesel,Automatic,1,0.0,4,31.2,24391.34
Volkswagen,6.99,2015,11,222.2,1.36,141744,Petrol,Automatic,1,1.0,4,23.2,15535.85
Ford,5.95,2024,2,196.8,1.95,30763,Hybrid,Automatic,1,0.0,4,29.1,22179.4
Mazda,6.67,2014,12,188.1,1.62,161515,Petrol,Automatic,1,0.0,4,34.1,11840.57
Chevrolet,6.43,2009,17,134.0,1.0,264537,Petrol,Manual,1,0.0,4,28.5,2500.0
Nissan,6.39,2018,8,168.1,1.76,82869,Hybrid,Manual,1,0.0,4,42.7,14538.27
Mazda,7.57,2013,13,149.3,1.79,148404,Petrol,Automatic,1,0.0,4,29.2,11654.98
Volkswagen,6.47,2025,1,141.8,2.7,500,Petrol,Automatic,2,0.0,2,32.7,27663.43
Subaru,7.47,2010,16,194.8,2.03,166577,Diesel,Automatic,2,0.0,4,34.4,12784.49
Ford,6.74,2020,6,165.1,2.19,72915,Diesel,Automatic,2,0.0,4,30.1,15353.51
Kia,5.75,2016,10,263.1,0.0,149417,Electric,Automatic,1,2.0,4,12.0,12082.69
Chevrolet,6.01,2015,11,175.3,2.06,154770,Diesel,Automatic,2,0.0,4,37.9,12404.7
Kia,6.65,2009,17,190.3,3.04,232742,Petrol,Automatic,2,0.0,2,25.3,2500.0
Honda,7.89,2008,18,354.8,0.0,172758,Electric,Manual,1,1.0,2,12.0,13334.59
Subaru,8.18,2018,8,158.0,1.21,92297,Petrol,Manual,3,1.0,4,21.1,13856.24
Nissan,6.63,2013,13,182.6,1.0,131297,Petrol,Automatic,2,0.0,4,34.1,6404.37
Hyundai,6.3,2021,5,108.8,1.73,31839,Hybrid,Automatic,3,0.0,4,46.0,15033.5
Chevrolet,6.2,2013,13,164.1,3.69,81924,Diesel,Manual,1,0.0,4,26.7,10226.18
Volkswagen,7.17,2022,4,216.4,3.13,52437,Hybrid,Manual,2,0.0,4,32.2,22561.27
Chevrolet,5.7,2026,0,175.8,2.46,500,Petrol,Manual,2,0.0,4,31.0,19241.04
Chevrolet,6.16,2020,6,182.9,2.67,73065,Diesel,Manual,1,0.0,4,30.8,13845.53
Chevrolet,6.11,2014,12,193.4,1.0,112294,Diesel,Automatic,1,0.0,4,21.1,9602.72
Tesla,9.48,2018,8,349.7,2.87,119472,Hybrid,Automatic,1,1.0,2,41.9,56836.12
Honda,7.98,2021,5,151.4,2.83,56231,Petrol,Automatic,2,0.0,4,32.6,19805.64
Subaru,7.56,2012,14,149.1,2.29,152963,Diesel,Automatic,1,1.0,4,21.4,10361.29
Nissan,5.96,2014,12,142.4,1.0,166719,Petrol,Automatic,2,0.0,2,39.4,4592.91
Nissan,6.17,2024,2,163.2,2.16,31349,Petrol,Automatic,1,0.0,4,25.3,19780.67
Mazda,7.25,2021,5,184.1,2.46,82925,Petrol,Manual,1,0.0,2,30.3,17681.82
Chevrolet,6.28,2026,0,183.8,1.66,500,Diesel,Automatic,3,0.0,4,28.5,27780.65
Chevrolet,6.61,2021,5,167.0,2.36,37588,Hybrid,Automatic,3,0.0,4,34.1,20383.3
Ford,6.67,2010,16,195.5,2.57,160566,Hybrid,Automatic,1,0.0,4,39.1,7180.48
Toyota,8.39,2012,14,193.4,1.67,186544,Petrol,Automatic,1,0.0,4,27.4,12382.21
Volkswagen,6.97,2025,1,153.4,2.06,1393,Hybrid,Automatic,3,0.0,4,26.2,27269.65
Toyota,7.79,2019,7,209.1,2.13,93096,Petrol,Automatic,2,2.0,4,25.7,20870.56
Ford,6.54,2014,12,257.1,0.0,143508,Electric,Automatic,3,0.0,4,12.0,16994.65
Nissan,6.0,2017,9,169.5,1.96,97214,Diesel,Automatic,2,0.0,2,27.5,14815.76
Subaru,7.97,2011,15,151.2,1.29,244145,Petrol,Manual,1,0.0,4,16.9,2500.0
Toyota,8.47,2018,8,261.0,0.0,58392,Electric,Automatic,1,1.0,2,12.0,28487.72
Hyundai,7.26,2016,10,168.2,1.0,88273,Petrol,Manual,2,0.0,4,27.7,8260.04
Audi,8.85,2011,15,250.0,2.74,112153,Hybrid,Manual,1,0.0,4,42.2,34691.21
Hyundai,7.16,2011,15,153.2,4.08,95351,Petrol,Manual,1,1.0,4,19.9,8143.09
Chevrolet,6.25,2018,8,164.3,3.58,74476,Diesel,Automatic,1,0.0,4,31.2,19541.55
Hyundai,6.06,2024,2,209.7,1.27,17169,Petrol,Manual,4,1.0,4,33.9,17113.54
Toyota,7.82,2021,5,194.6,1.73,63741,Diesel,Automatic,2,0.0,4,35.5,22064.51
Toyota,7.84,2009,17,208.9,1.55,278470,Petrol,Automatic,2,1.0,4,32.4,4473.79
Volkswagen,6.68,2014,12,145.2,1.45,141939,Diesel,Automatic,2,1.0,4,23.9,11422.3
Chevrolet,6.44,2020,6,161.1,2.34,83056,Petrol,Manual,1,0.0,2,31.1,15514.62
Mazda,7.66,2014,12,215.1,2.37,60257,Petrol,Manual,2,1.0,4,35.5,15666.65
Toyota,8.75,2022,4,177.9,1.16,63612,Diesel,Manual,1,0.0,4,24.2,25242.51
Chevrolet,6.3,2019,7,144.5,1.88,70264,Petrol,Automatic,2,0.0,4,27.6,14893.56
Subaru,7.11,2018,8,199.1,1.15,123900,Diesel,Automatic,1,0.0,4,32.9,21848.64
Toyota,8.68,2020,6,186.3,1.0,92362,Petrol,Automatic,2,0.0,4,33.1,19538.73
Honda,8.46,2017,9,211.2,2.36,61439,Petrol,Automatic,1,0.0,2,35.5,24865.51
Honda,7.84,2012,14,185.9,2.2,179195,Hybrid,Manual,1,2.0,4,39.4,4711.24
Mazda,7.06,2014,12,186.0,1.3,133344,Hybrid,Manual,1,2.0,4,36.0,8339.49
BMW,8.44,2009,17,265.2,3.17,287661,Petrol,Manual,1,1.0,4,25.0,27279.6
Subaru,7.82,2022,4,200.3,1.04,49873,Petrol,Automatic,1,0.0,2,31.7,29506.3
Kia,6.96,2010,16,187.7,1.64,140321,Petrol,Automatic,1,0.0,4,40.9,3932.31
Subaru,8.0,2026,0,181.3,1.44,8710,Petrol,Automatic,3,0.0,4,37.5,32291.04
BMW,8.95,2013,13,374.6,2.89,215060,Petrol,Automatic,2,0.0,4,28.7,40065.35
Nissan,5.88,2020,6,201.9,0.0,42995,Electric,Automatic,2,0.0,4,12.0,18457.57
Honda,8.65,2011,15,218.9,2.99,159942,Diesel,Automatic,3,0.0,4,29.8,13713.5
Toyota,9.04,2025,1,176.6,1.88,4848,Petrol,Automatic,1,0.0,4,33.1,33020.05
Nissan,6.5,2022,4,220.4,2.73,66628,Hybrid,Automatic,1,0.0,4,37.3,25875.2
Tesla,8.51,2026,0,326.2,4.14,500,Petrol,Manual,1,0.0,4,25.5,63195.15
Honda,7.72,2025,1,158.7,2.41,15298,Petrol,Automatic,3,1.0,4,24.1,25198.72
Subaru,8.34,2020,6,152.0,1.21,64294,Petrol,Automatic,3,0.0,4,26.7,20542.96
Audi,8.89,2026,0,258.8,,8551,Hybrid,Automatic,1,0.0,4,37.2,59021.53
Chevrolet,5.95,2024,2,158.5,1.98,26212,Petrol,Automatic,1,0.0,2,32.3,18740.61
Lexus,8.87,2019,7,268.6,4.55,57498,Petrol,Manual,2,1.0,4,32.5,46280.98
Hyundai,7.36,2024,2,192.9,2.37,11190,Petrol,Manual,1,0.0,2,35.4,24385.65
Hyundai,7.34,2023,3,143.4,2.5,24774,Hybrid,Manual,1,0.0,4,40.4,19468.43
Volkswagen,6.44,2024,2,292.7,0.0,32468,Electric,Automatic,3,0.0,4,12.0,35525.83
Chevrolet,6.6,2011,15,207.6,2.03,148764,Petrol,Automatic,1,0.0,4,28.5,9975.45
Audi,8.28,2022,4,297.8,3.57,68489,Petrol,Manual,3,0.0,4,27.5,46884.45
Audi,8.59,2017,9,296.8,2.79,134710,Petrol,Manual,2,2.0,4,23.7,35750.57
Hyundai,6.82,2019,7,269.5,0.0,87229,Electric,Automatic,1,2.0,4,12.0,19841.36
Volkswagen,7.03,2019,7,195.6,,67271,Petrol,Automatic,1,0.0,4,25.3,19481.83
Ford,6.03,2008,18,192.9,2.03,182472,Petrol,Automatic,1,1.0,4,32.3,5663.89
Hyundai,6.89,2013,13,164.4,3.41,152700,Petrol,Automatic,2,1.0,4,24.6,6858.92
Volkswagen,7.42,2025,1,180.8,2.42,12297,Diesel,Automatic,1,0.0,2,25.1,32170.67
Volkswagen,6.99,2023,3,106.9,1.78,41005,Hybrid,Automatic,2,0.0,2,41.6,22531.35
Toyota,8.29,2008,18,170.7,2.63,276504,Hybrid,Manual,1,2.0,2,29.9,2500.0
Mercedes-Benz,8.98,2026,0,324.7,3.8,500,Petrol,Automatic,2,0.0,4,29.4,65686.33
Nissan,6.59,2014,12,151.1,1.21,179921,Petrol,Automatic,3,1.0,4,20.6,2500.0
Honda,8.65,2020,6,217.0,2.1,110090,Diesel,Manual,1,0.0,4,26.7,20709.21
Nissan,6.24,2020,6,215.8,,86587,Petrol,Automatic,1,0.0,4,19.0,18814.74
Toyota,8.85,2022,4,329.6,0.0,46003,Electric,Automatic,1,0.0,4,12.0,35431.74
Chevrolet,6.49,2025,1,223.7,1.06,27050,Petrol,Automatic,1,0.0,4,24.2,28386.66
Toyota,8.27,2018,8,182.0,2.38,81461,Petrol,Automatic,2,1.0,4,19.4,20398.67
Mazda,6.98,2020,6,160.4,1.87,85264,Petrol,Automatic,1,0.0,4,,20710.01
Lexus,8.72,2023,3,278.7,2.72,23080,Petrol,Automatic,2,0.0,4,30.2,54659.47
BMW,8.79,2017,9,287.4,4.06,82594,Petrol,Automatic,1,0.0,2,36.5,48845.18
Chevrolet,6.59,2021,5,140.4,3.42,53656,Hybrid,Automatic,1,1.0,4,38.6,19258.2
Chevrolet,6.61,2020,6,194.1,2.13,69364,Diesel,Automatic,3,0.0,2,,19289.63
Volkswagen,6.61,2008,18,191.6,3.37,165552,Diesel,Automatic,4,0.0,4,21.7,4459.37
Mazda,7.58,2018,8,163.2,2.99,61673,Petrol,Automatic,1,1.0,4,28.3,18595.18
BMW,9.55,2026,0,305.5,2.86,2901,Diesel,Manual,2,0.0,4,19.3,56134.6
Chevrolet,5.48,2015,11,161.7,2.9,131282,Petrol,Automatic,2,0.0,4,35.5,9295.52
Subaru,7.57,2015,11,193.0,1.85,136540,Petrol,Automatic,3,0.0,4,37.1,18239.57
Chevrolet,6.03,2012,14,198.5,3.36,100073,Petrol,Automatic,1,0.0,4,24.2,9452.15
Toyota,7.88,2019,7,140.5,2.57,100703,Petrol,Automatic,1,1.0,4,30.3,17678.24
Chevrolet,6.09,2009,17,407.6,0.0,221733,Electric,Automatic,2,0.0,2,12.0,17891.28
Kia,6.33,2014,12,156.5,2.04,71227,Hybrid,Automatic,1,,4,36.3,12508.35
Mazda,7.29,2026,0,154.8,1.86,9137,Hybrid,Automatic,1,0.0,4,48.4,29245.9
Subaru,8.14,2014,12,182.5,1.68,170422,Hybrid,Automatic,1,0.0,4,41.8,16403.3
Mazda,7.22,2013,13,227.6,0.0,195536,Electric,Automatic,2,0.0,4,12.0,10560.8
Toyota,8.46,2019,7,198.4,1.0,82930,Petrol,Manual,1,0.0,2,33.5,22774.44
Kia,6.18,2016,10,188.4,2.26,170443,Petrol,Automatic,1,0.0,4,25.7,11711.89
Kia,6.47,2011,15,203.3,1.24,182113,Hybrid,Automatic,1,1.0,4,34.5,6783.37
Chevrolet,5.62,2017,9,155.0,1.57,102567,Diesel,Automatic,4,0.0,4,29.0,10853.74
BMW,8.9,2020,6,280.9,2.85,85961,Petrol,Manual,3,0.0,4,24.1,42516.23
Toyota,9.44,2024,2,172.9,2.53,16559,Petrol,Automatic,2,1.0,4,31.4,28409.42
Lexus,8.64,2021,5,266.2,0.0,42957,Electric,Automatic,1,1.0,4,12.0,49670.79
Mazda,7.43,2016,10,132.6,1.09,145180,Diesel,Manual,2,1.0,4,25.9,4531.88
Ford,6.05,2008,18,247.9,1.94,269101,Petrol,Automatic,1,2.0,4,25.8,2500.0
Chevrolet,7.13,2019,7,155.8,1.91,95098,Petrol,Automatic,1,0.0,4,25.1,18179.13
Hyundai,7.2,2008,18,95.0,1.0,214758,Hybrid,Automatic,2,1.0,4,38.3,2500.0
Nissan,6.66,2015,11,208.9,0.0,184922,Electric,Automatic,1,1.0,4,12.0,10961.91
Hyundai,6.86,2016,10,178.6,1.7,66447,Petrol,Automatic,2,0.0,4,31.4,12833.82
Kia,6.91,2016,10,230.7,3.59,109480,Petrol,Manual,1,0.0,4,16.3,12219.82
Nissan,6.96,2012,14,208.2,1.65,142921,Petrol,Automatic,4,1.0,2,28.4,6396.78
Subaru,6.58,2010,16,190.8,1.46,194044,Petrol,Automatic,2,1.0,4,28.4,4628.6
Mazda,7.26,2025,1,305.6,0.0,17869,Electric,Automatic,2,0.0,4,12.0,29546.65
Lexus,9.28,2021,5,295.1,4.17,58309,Hybrid,Automatic,2,1.0,4,32.4,53742.8
Ford,6.39,2015,11,185.7,,212278,Hybrid,Automatic,1,1.0,4,42.7,7154.89
Honda,7.88,2020,6,181.9,1.15,91661,Petrol,Automatic,1,1.0,4,32.0,20487.52
Hyundai,6.81,2011,15,139.6,2.76,165127,Petrol,Automatic,2,0.0,4,29.6,2728.64
Honda,9.02,2026,0,164.5,1.01,6179,Petrol,Automatic,1,0.0,2,,32865.47
BMW,8.97,2022,4,288.9,3.16,45674,Diesel,Automatic,1,0.0,4,23.2,52642.16
Chevrolet,5.62,2015,11,194.4,2.76,108427,Petrol,Automatic,1,0.0,4,22.3,11842.11
Ford,6.31,2019,7,199.4,1.97,104343,Diesel,Manual,2,0.0,4,25.4,13966.23
Ford,6.26,2020,6,151.9,2.4,93147,Petrol,Automatic,3,1.0,4,28.0,13846.14
Honda,8.97,2011,15,194.9,2.39,168694,Petrol,Automatic,2,2.0,4,23.2,11274.29
Toyota,8.04,2023,3,193.9,2.36,44781,Diesel,Automatic,1,1.0,4,32.9,26156.19
Audi,8.5,2011,15,206.3,3.64,100540,Petrol,Automatic,1,2.0,4,26.3,29705.95
Mazda,7.56,2024,2,132.3,1.15,33396,Petrol,Automatic,2,1.0,2,33.0,17403.03
BMW,8.98,2024,2,297.6,3.56,19524,Petrol,Automatic,1,0.0,4,22.7,60087.46
Nissan,6.3,2023,3,189.3,1.0,9154,Petrol,Manual,1,0.0,4,26.4,18103.81
Mazda,7.56,2010,16,188.4,2.39,189383,Petrol,Automatic,2,0.0,2,33.3,9158.13
Volkswagen,7.25,2026,0,333.3,0.0,500,Electric,Automatic,2,0.0,4,12.0,39863.89
Nissan,7.01,2013,13,169.6,1.82,102985,Petrol,Automatic,1,0.0,2,19.9,12274.75
Volkswagen,7.13,2025,1,189.0,2.44,14151,Petrol,Automatic,2,0.0,4,18.9,27918.52
Hyundai,6.63,2008,18,205.7,2.44,179720,Hybrid,Automatic,3,1.0,4,37.1,2927.18
Tesla,8.65,2023,3,258.0,3.54,33403,Petrol,Automatic,1,0.0,2,23.8,57285.5
Toyota,8.08,2021,5,182.5,3.27,50450,Petrol,Automatic,3,1.0,4,33.7,26847.74
Lexus,8.09,2016,10,279.3,2.57,114902,Petrol,Automatic,1,0.0,4,25.7,41591.13
Nissan,6.48,2008,18,307.3,0.0,233717,Electric,Automatic,2,0.0,4,12.0,5890.8
Kia,6.24,2024,2,241.8,1.65,27753,Petrol,Automatic,2,0.0,2,23.4,24284.23
Mercedes-Benz,9.06,2011,15,248.5,3.46,93894,Petrol,Automatic,2,1.0,2,15.3,39109.75
Ford,6.65,2021,5,192.2,2.39,65569,Diesel,Automatic,2,0.0,4,31.1,17871.27
Lexus,9.37,2015,11,328.8,0.0,75258,Electric,Manual,3,2.0,4,12.0,45596.1
Kia,6.38,2022,4,222.1,0.0,59965,Electric,Manual,1,0.0,4,12.0,22546.6
Lexus,9.03,2017,9,329.3,2.63,96343,Diesel,Automatic,2,0.0,2,26.9,50574.9
Ford,6.85,2022,4,150.1,2.62,35043,Petrol,Manual,2,0.0,2,31.1,18843.34
BMW,9.49,2023,3,313.1,4.42,20966,Diesel,Manual,2,0.0,4,28.5,54718.81
BMW,8.8,2017,9,227.3,3.5,99047,Petrol,Automatic,1,0.0,2,25.3,45934.04
Chevrolet,5.82,2024,2,159.8,1.59,25158,Petrol,Automatic,3,0.0,2,33.8,18593.76
Chevrolet,6.38,2019,7,201.1,,91463,Petrol,Automatic,2,0.0,4,30.6,16241.69
Toyota,8.63,2018,8,152.5,1.53,128744,Petrol,Automatic,4,0.0,4,30.9,13776.61
Audi,7.96,2019,7,303.8,3.67,90324,Diesel,Automatic,3,0.0,2,22.1,45900.32
Honda,8.03,2008,18,167.6,1.59,170110,Diesel,Automatic,1,1.0,4,26.8,6547.05
Ford,7.19,2015,11,272.9,0.0,132714,Electric,Automatic,2,1.0,4,12.0,18832.62
BMW,8.29,2009,17,165.5,3.84,202856,Petrol,Automatic,1,1.0,4,33.9,26583.4
Volkswagen,6.47,2025,1,141.8,2.7,500,Petrol,Automatic,2,0.0,2,32.7,27663.43
Subaru,7.82,2008,18,198.5,3.3,174307,Petrol,Manual,3,0.0,2,20.9,8711.39
Ford,6.46,2021,5,210.3,1.79,51905,Diesel,Automatic,2,0.0,4,25.0,23664.76
